condition,model_a,model_b,n_a,n_b,u_stat,p,rank_biserial_r,notes,p_fdr_bh
mft,Apertus-8B-Instruct,Falcon3-7B-Instruct,36,36,434.0,0.01616897231520486,0.33024691358024694,,0.020211215394006075
mft,Apertus-8B-Instruct,Llama-3.1-8B-Instruct,36,36,516.0,0.13853597181371902,0.20370370370370372,,0.1484313983718418
mft,Apertus-8B-Instruct,Ministral-3-8B-Instruct-2512,36,36,1249.0,1.3274307234561554e-11,-0.9274691358024691,,3.9822921703684664e-11
mft,Apertus-8B-Instruct,Olmo-3-7B-Instruct,36,36,1063.5,2.931783662845167e-06,-0.6412037037037037,,4.397675494267751e-06
mft,Apertus-8B-Instruct,Qwen3-8B,36,36,1059.5,3.628604413847896e-06,-0.6350308641975309,,4.9480969279744035e-06
mft,Falcon3-7B-Instruct,Llama-3.1-8B-Instruct,36,36,799.0,0.08989411446768718,-0.23302469135802473,,0.10372397823194673
mft,Falcon3-7B-Instruct,Ministral-3-8B-Instruct-2512,36,36,1293.5,3.671322435490657e-13,-0.996141975308642,,2.753491826617993e-12
mft,Falcon3-7B-Instruct,Olmo-3-7B-Instruct,36,36,1269.0,2.751204991356439e-12,-0.9583333333333333,,1.3756024956782195e-11
mft,Falcon3-7B-Instruct,Qwen3-8B,36,36,1219.5,1.24776113872096e-10,-0.8819444444444444,,3.1194028468024004e-10
mft,Llama-3.1-8B-Instruct,Ministral-3-8B-Instruct-2512,36,36,1295.0,3.246320451883144e-13,-0.9984567901234569,,2.753491826617993e-12
mft,Llama-3.1-8B-Instruct,Olmo-3-7B-Instruct,36,36,1251.5,1.0993683466124475e-11,-0.9313271604938271,,3.9822921703684664e-11
mft,Llama-3.1-8B-Instruct,Qwen3-8B,36,36,1210.5,2.4215805994172984e-10,-0.8680555555555556,,5.189101284465639e-10
mft,Ministral-3-8B-Instruct-2512,Olmo-3-7B-Instruct,36,36,205.0,6.115480254671752e-07,0.683641975308642,,1.0192467091119587e-06
mft,Ministral-3-8B-Instruct-2512,Qwen3-8B,36,36,185.0,1.8580946399476384e-07,0.7145061728395061,,3.483927449901822e-07
mft,Olmo-3-7B-Instruct,Qwen3-8B,36,36,671.5,0.7953992379365236,-0.03626543209876543,,0.7953992379365236
pvq,Apertus-8B-Instruct,Falcon3-7B-Instruct,40,40,93.0,1.0354340471448974e-11,0.88375,,2.5885851178622435e-11
pvq,Apertus-8B-Instruct,Llama-3.1-8B-Instruct,40,40,575.0,0.030502708896969228,0.28125,,0.030502708896969228
pvq,Apertus-8B-Instruct,Ministral-3-8B-Instruct-2512,40,40,1457.0,2.58274168540358e-10,-0.82125,,4.3045694756726336e-10
pvq,Apertus-8B-Instruct,Olmo-3-7B-Instruct,40,40,1392.0,1.217029769592845e-08,-0.74,,1.6595860494447883e-08
pvq,Apertus-8B-Instruct,Qwen3-8B,40,40,1100.5,0.0038193659878929193,-0.3756250000000001,,0.004092177844170985
pvq,Falcon3-7B-Instruct,Llama-3.1-8B-Instruct,40,40,1500.0,1.6494801450804333e-11,-0.875,,3.534600310886643e-11
pvq,Falcon3-7B-Instruct,Ministral-3-8B-Instruct-2512,40,40,1600.0,1.4025516435812574e-14,-1.0,,7.304042346767542e-14
pvq,Falcon3-7B-Instruct,Olmo-3-7B-Instruct,40,40,1600.0,1.3872794232258e-14,-1.0,,7.304042346767542e-14
pvq,Falcon3-7B-Instruct,Qwen3-8B,40,40,1599.0,1.4608084693535084e-14,-0.99875,,7.304042346767542e-14
pvq,Llama-3.1-8B-Instruct,Ministral-3-8B-Instruct-2512,40,40,1575.0,8.89557406493382e-14,-0.96875,,3.3358402743501826e-13
pvq,Llama-3.1-8B-Instruct,Olmo-3-7B-Instruct,40,40,1559.5,2.6809182808188727e-13,-0.9493750000000001,,8.042754842456617e-13
pvq,Llama-3.1-8B-Instruct,Qwen3-8B,40,40,1450.0,3.893022670056017e-10,-0.8125,,5.839534005084026e-10
pvq,Ministral-3-8B-Instruct-2512,Olmo-3-7B-Instruct,40,40,477.0,0.001878132888444432,0.40375000000000005,,0.002167076409743575
pvq,Ministral-3-8B-Instruct-2512,Qwen3-8B,40,40,135.0,1.5125161996199669e-10,0.83125,,2.835967874287438e-10
pvq,Olmo-3-7B-Instruct,Qwen3-8B,40,40,217.5,2.003244808762263e-08,0.728125,,2.504056010952829e-08
combined,Apertus-8B-Instruct,Falcon3-7B-Instruct,76,76,1066.5,1.9220325562337168e-11,0.630713296398892,,3.203387593722862e-11
combined,Apertus-8B-Instruct,Llama-3.1-8B-Instruct,76,76,2181.0,0.009202535613326528,0.2448060941828255,,0.009202535613326528
combined,Apertus-8B-Instruct,Ministral-3-8B-Instruct-2512,76,76,5392.5,2.6899419105455593e-20,-0.8672091412742382,,8.069825731636677e-20
combined,Apertus-8B-Instruct,Olmo-3-7B-Instruct,76,76,4704.0,2.1862105075578723e-11,-0.628808864265928,,3.279315761336808e-11
combined,Apertus-8B-Instruct,Qwen3-8B,76,76,4341.0,8.425456771069541e-08,-0.5031163434903048,,9.721680889695623e-08
combined,Falcon3-7B-Instruct,Llama-3.1-8B-Instruct,76,76,4633.5,1.258420534152951e-10,-0.6043975069252077,,1.7160280011176603e-10
combined,Falcon3-7B-Instruct,Ministral-3-8B-Instruct-2512,76,76,5771.0,2.289177588748425e-26,-0.9982686980609419,,3.4337663831226375e-25
combined,Falcon3-7B-Instruct,Olmo-3-7B-Instruct,76,76,5703.0,3.2570341313786283e-25,-0.9747229916897506,,1.692572425011724e-24
combined,Falcon3-7B-Instruct,Qwen3-8B,76,76,5618.5,7.904738028956522e-24,-0.9454639889196677,,2.9642767608586956e-23
combined,Llama-3.1-8B-Instruct,Ministral-3-8B-Instruct-2512,76,76,5702.0,3.3851448500234482e-25,-0.9743767313019391,,1.692572425011724e-24
combined,Llama-3.1-8B-Instruct,Olmo-3-7B-Instruct,76,76,5314.0,3.853599053150647e-19,-0.8400277008310248,,9.633997632876616e-19
combined,Llama-3.1-8B-Instruct,Qwen3-8B,76,76,5235.0,5.059755612884046e-18,-0.8126731301939059,,1.0842333456180098e-17
combined,Ministral-3-8B-Instruct-2512,Olmo-3-7B-Instruct,76,76,1313.0,6.3514481354744204e-09,0.5453601108033241,,7.939310169343026e-09
combined,Ministral-3-8B-Instruct-2512,Qwen3-8B,76,76,695.0,6.145724889437252e-16,0.7593490304709141,,1.1523234167694848e-15
combined,Olmo-3-7B-Instruct,Qwen3-8B,76,76,2004.5,0.0011239679444326259,0.305921052631579,,0.0012042513690349562
