id,dataset_label,n_conditions,n_flips,n_flips_to_hate,n_flips_to_not_hate,flip_rate
172,1,456,281,226,55,0.6162280701754386
499,0,456,265,265,0,0.581140350877193
486,0,456,241,241,0,0.5285087719298246
229,1,456,235,235,0,0.5153508771929824
306,0,456,235,176,59,0.5153508771929824
303,0,456,229,229,0,0.5021929824561403
329,0,456,228,222,6,0.5
180,1,456,225,224,1,0.4934210526315789
464,0,456,224,199,25,0.49122807017543857
465,0,456,216,140,76,0.47368421052631576
439,0,456,208,131,77,0.45614035087719296
476,0,456,207,206,1,0.45394736842105265
428,0,456,205,205,0,0.44956140350877194
276,0,456,203,203,0,0.4451754385964912
380,0,456,203,203,0,0.4451754385964912
480,0,456,202,144,58,0.44298245614035087
491,0,456,197,197,0,0.43201754385964913
411,0,456,197,197,0,0.43201754385964913
110,1,456,197,133,64,0.43201754385964913
201,1,456,184,108,76,0.40350877192982454
219,1,456,180,180,0,0.39473684210526316
378,0,456,174,174,0,0.3815789473684211
294,0,456,171,100,71,0.375
252,0,456,171,76,95,0.375
189,1,456,170,156,14,0.37280701754385964
19,1,456,169,169,0,0.3706140350877193
470,0,456,168,168,0,0.3684210526315789
358,0,456,166,159,7,0.36403508771929827
484,0,456,166,90,76,0.36403508771929827
315,0,456,164,164,0,0.35964912280701755
5,1,456,163,163,0,0.3574561403508772
6,1,456,162,162,0,0.35526315789473684
309,0,456,162,162,0,0.35526315789473684
496,0,456,162,162,0,0.35526315789473684
62,1,456,159,159,0,0.34868421052631576
145,1,456,159,154,5,0.34868421052631576
165,1,456,158,154,4,0.34649122807017546
349,0,456,158,158,0,0.34649122807017546
345,0,456,155,94,61,0.3399122807017544
133,1,456,154,154,0,0.33771929824561403
370,0,456,154,122,32,0.33771929824561403
422,0,456,153,152,1,0.3355263157894737
382,0,456,153,153,0,0.3355263157894737
225,1,456,152,152,0,0.3333333333333333
327,0,456,152,152,0,0.3333333333333333
65,1,456,152,152,0,0.3333333333333333
368,0,456,151,121,30,0.33114035087719296
175,1,456,151,76,75,0.33114035087719296
113,1,456,151,104,47,0.33114035087719296
234,1,456,151,151,0,0.33114035087719296
18,1,456,150,150,0,0.32894736842105265
181,1,456,150,150,0,0.32894736842105265
192,1,456,149,149,0,0.3267543859649123
481,0,456,149,132,17,0.3267543859649123
0,1,456,149,113,36,0.3267543859649123
316,0,456,149,76,73,0.3267543859649123
408,0,456,148,144,4,0.32456140350877194
4,1,456,147,80,67,0.3223684210526316
461,0,456,147,147,0,0.3223684210526316
220,1,456,146,146,0,0.3201754385964912
243,1,456,145,145,0,0.31798245614035087
374,0,456,143,136,7,0.31359649122807015
194,1,456,141,141,0,0.3092105263157895
200,1,456,141,140,1,0.3092105263157895
105,1,456,141,136,5,0.3092105263157895
89,1,456,141,141,0,0.3092105263157895
112,1,456,140,138,2,0.30701754385964913
75,1,456,140,139,1,0.30701754385964913
288,0,456,138,138,0,0.3026315789473684
30,1,456,135,135,0,0.29605263157894735
371,0,456,134,125,9,0.29385964912280704
149,1,456,133,76,57,0.2916666666666667
92,1,456,132,72,60,0.2894736842105263
122,1,456,132,105,27,0.2894736842105263
111,1,456,131,131,0,0.28728070175438597
169,1,456,130,87,43,0.2850877192982456
460,0,456,130,77,53,0.2850877192982456
405,0,456,129,129,0,0.28289473684210525
337,0,456,128,128,0,0.2807017543859649
391,0,456,127,127,0,0.27850877192982454
93,1,456,127,41,86,0.27850877192982454
170,1,456,127,127,0,0.27850877192982454
433,0,456,125,124,1,0.2741228070175439
226,1,456,125,120,5,0.2741228070175439
99,1,456,124,123,1,0.2719298245614035
250,0,456,123,120,3,0.26973684210526316
45,1,456,123,123,0,0.26973684210526316
362,0,456,121,121,0,0.26535087719298245
245,1,456,120,112,8,0.2631578947368421
204,1,456,120,120,0,0.2631578947368421
196,1,456,120,101,19,0.2631578947368421
447,0,456,119,119,0,0.26096491228070173
462,0,456,118,118,0,0.25877192982456143
420,0,456,116,116,0,0.2543859649122807
161,1,456,115,112,3,0.25219298245614036
101,1,456,115,99,16,0.25219298245614036
277,0,456,115,76,39,0.25219298245614036
193,1,456,115,45,70,0.25219298245614036
489,0,456,114,114,0,0.25
63,1,456,114,112,2,0.25
421,0,456,114,114,0,0.25
280,0,456,113,56,57,0.24780701754385964
384,0,456,112,109,3,0.24561403508771928
423,0,456,112,107,5,0.24561403508771928
454,0,456,112,73,39,0.24561403508771928
418,0,456,111,111,0,0.24342105263157895
58,1,456,111,39,72,0.24342105263157895
430,0,456,111,111,0,0.24342105263157895
257,0,456,111,111,0,0.24342105263157895
456,0,456,110,107,3,0.2412280701754386
136,1,456,110,107,3,0.2412280701754386
107,1,456,109,85,24,0.23903508771929824
482,0,456,108,108,0,0.23684210526315788
144,1,456,106,96,10,0.2324561403508772
52,1,456,104,104,0,0.22807017543859648
307,0,456,103,103,0,0.22587719298245615
417,0,456,102,102,0,0.2236842105263158
441,0,456,100,100,0,0.21929824561403508
298,0,456,98,74,24,0.2149122807017544
171,1,456,97,4,93,0.21271929824561403
313,0,456,97,94,3,0.21271929824561403
365,0,456,97,97,0,0.21271929824561403
314,0,456,97,77,20,0.21271929824561403
157,1,456,97,83,14,0.21271929824561403
198,1,456,96,96,0,0.21052631578947367
493,0,456,95,93,2,0.20833333333333334
67,1,456,95,64,31,0.20833333333333334
38,1,456,95,79,16,0.20833333333333334
317,0,456,94,92,2,0.20614035087719298
356,0,456,94,78,16,0.20614035087719298
77,1,456,94,43,51,0.20614035087719298
271,0,456,94,91,3,0.20614035087719298
469,0,456,94,94,0,0.20614035087719298
265,0,456,94,77,17,0.20614035087719298
115,1,456,94,41,53,0.20614035087719298
379,0,456,94,94,0,0.20614035087719298
394,0,456,93,93,0,0.20394736842105263
119,1,456,92,76,16,0.20175438596491227
270,0,456,91,91,0,0.19956140350877194
258,0,456,90,90,0,0.19736842105263158
388,0,456,90,0,90,0.19736842105263158
79,1,456,90,14,76,0.19736842105263158
443,0,456,89,87,2,0.19517543859649122
231,1,456,89,89,0,0.19517543859649122
85,1,456,88,88,0,0.19298245614035087
453,0,456,85,85,0,0.18640350877192982
232,1,456,85,84,1,0.18640350877192982
312,0,456,85,85,0,0.18640350877192982
143,1,456,84,83,1,0.18421052631578946
148,1,456,84,84,0,0.18421052631578946
401,0,456,83,8,75,0.18201754385964913
304,0,456,82,82,0,0.17982456140350878
435,0,456,82,80,2,0.17982456140350878
108,1,456,82,72,10,0.17982456140350878
284,0,456,81,79,2,0.17763157894736842
174,1,456,81,72,9,0.17763157894736842
185,1,456,81,51,30,0.17763157894736842
340,0,456,80,75,5,0.17543859649122806
451,0,456,80,72,8,0.17543859649122806
154,1,456,79,72,7,0.17324561403508773
187,1,456,79,74,5,0.17324561403508773
393,0,456,79,79,0,0.17324561403508773
11,1,456,79,75,4,0.17324561403508773
20,1,456,77,76,1,0.16885964912280702
88,1,456,77,76,1,0.16885964912280702
320,0,456,77,76,1,0.16885964912280702
121,1,456,77,76,1,0.16885964912280702
400,0,456,77,65,12,0.16885964912280702
211,1,456,76,76,0,0.16666666666666666
134,1,456,76,76,0,0.16666666666666666
130,1,456,76,76,0,0.16666666666666666
466,0,456,76,76,0,0.16666666666666666
91,1,456,76,76,0,0.16666666666666666
217,1,456,76,76,0,0.16666666666666666
94,1,456,76,76,0,0.16666666666666666
7,1,456,76,75,1,0.16666666666666666
14,1,456,76,76,0,0.16666666666666666
264,0,456,76,76,0,0.16666666666666666
167,1,456,76,76,0,0.16666666666666666
292,0,456,76,0,76,0.16666666666666666
117,1,456,76,76,0,0.16666666666666666
26,1,456,75,75,0,0.16447368421052633
444,0,456,75,75,0,0.16447368421052633
235,1,456,74,73,1,0.16228070175438597
373,0,456,74,0,74,0.16228070175438597
297,0,456,74,74,0,0.16228070175438597
261,0,456,74,66,8,0.16228070175438597
33,1,456,74,74,0,0.16228070175438597
66,1,456,74,74,0,0.16228070175438597
56,1,456,74,74,0,0.16228070175438597
214,1,456,73,72,1,0.1600877192982456
364,0,456,73,73,0,0.1600877192982456
472,0,456,73,73,0,0.1600877192982456
385,0,456,72,38,34,0.15789473684210525
366,0,456,72,72,0,0.15789473684210525
361,0,456,72,29,43,0.15789473684210525
396,0,456,72,72,0,0.15789473684210525
203,1,456,72,58,14,0.15789473684210525
73,1,456,71,71,0,0.15570175438596492
412,0,456,71,71,0,0.15570175438596492
483,0,456,71,71,0,0.15570175438596492
195,1,456,71,71,0,0.15570175438596492
48,1,456,70,52,18,0.15350877192982457
78,1,456,70,69,1,0.15350877192982457
414,0,456,70,0,70,0.15350877192982457
318,0,456,69,0,69,0.1513157894736842
227,1,456,69,68,1,0.1513157894736842
343,0,456,69,69,0,0.1513157894736842
302,0,456,69,69,0,0.1513157894736842
47,1,456,68,0,68,0.14912280701754385
87,1,456,68,68,0,0.14912280701754385
494,0,456,68,68,0,0.14912280701754385
13,1,456,68,0,68,0.14912280701754385
95,1,456,68,68,0,0.14912280701754385
218,1,456,68,2,66,0.14912280701754385
141,1,456,68,68,0,0.14912280701754385
3,1,456,67,0,67,0.14692982456140352
463,0,456,65,65,0,0.1425438596491228
191,1,456,64,64,0,0.14035087719298245
153,1,456,63,48,15,0.13815789473684212
129,1,456,63,63,0,0.13815789473684212
386,0,456,62,58,4,0.13596491228070176
247,1,456,62,62,0,0.13596491228070176
426,0,456,62,62,0,0.13596491228070176
17,1,456,62,6,56,0.13596491228070176
59,1,456,61,61,0,0.1337719298245614
355,0,456,61,61,0,0.1337719298245614
403,0,456,60,0,60,0.13157894736842105
183,1,456,60,55,5,0.13157894736842105
8,1,456,60,60,0,0.13157894736842105
459,0,456,59,3,56,0.12938596491228072
416,0,456,59,59,0,0.12938596491228072
40,1,456,59,59,0,0.12938596491228072
213,1,456,59,59,0,0.12938596491228072
81,1,456,59,0,59,0.12938596491228072
97,1,456,58,57,1,0.12719298245614036
275,0,456,57,19,38,0.125
100,1,456,57,42,15,0.125
267,0,456,57,0,57,0.125
236,1,456,55,55,0,0.1206140350877193
49,1,456,55,55,0,0.1206140350877193
159,1,456,54,21,33,0.11842105263157894
184,1,456,54,54,0,0.11842105263157894
25,1,456,54,27,27,0.11842105263157894
123,1,456,53,53,0,0.1162280701754386
490,0,456,53,53,0,0.1162280701754386
334,0,456,53,53,0,0.1162280701754386
387,0,456,52,44,8,0.11403508771929824
497,0,456,52,52,0,0.11403508771929824
253,0,456,51,0,51,0.1118421052631579
342,0,456,51,50,1,0.1118421052631579
82,1,456,51,3,48,0.1118421052631579
212,1,456,49,49,0,0.1074561403508772
268,0,456,49,0,49,0.1074561403508772
399,0,456,48,46,2,0.10526315789473684
12,1,456,47,1,46,0.10307017543859649
15,1,456,46,0,46,0.10087719298245613
120,1,456,46,46,0,0.10087719298245613
437,0,456,46,33,13,0.10087719298245613
128,1,456,45,44,1,0.09868421052631579
34,1,456,45,19,26,0.09868421052631579
333,0,456,45,40,5,0.09868421052631579
72,1,456,45,0,45,0.09868421052631579
68,1,456,44,43,1,0.09649122807017543
367,0,456,44,44,0,0.09649122807017543
2,1,456,44,44,0,0.09649122807017543
347,0,456,44,31,13,0.09649122807017543
205,1,456,44,44,0,0.09649122807017543
215,1,456,43,40,3,0.09429824561403509
126,1,456,43,0,43,0.09429824561403509
363,0,456,43,0,43,0.09429824561403509
326,0,456,43,0,43,0.09429824561403509
344,0,456,41,41,0,0.08991228070175439
71,1,456,41,38,3,0.08991228070175439
61,1,456,40,39,1,0.08771929824561403
228,1,456,40,29,11,0.08771929824561403
177,1,456,39,39,0,0.08552631578947369
450,0,456,39,39,0,0.08552631578947369
390,0,456,39,39,0,0.08552631578947369
86,1,456,39,39,0,0.08552631578947369
178,1,456,38,38,0,0.08333333333333333
375,0,456,38,33,5,0.08333333333333333
346,0,456,36,26,10,0.07894736842105263
9,1,456,36,36,0,0.07894736842105263
237,1,456,36,34,2,0.07894736842105263
43,1,456,35,35,0,0.07675438596491228
124,1,456,35,35,0,0.07675438596491228
74,1,456,34,6,28,0.07456140350877193
335,0,456,34,0,34,0.07456140350877193
436,0,456,34,34,0,0.07456140350877193
168,1,456,32,31,1,0.07017543859649122
263,0,456,32,20,12,0.07017543859649122
438,0,456,32,2,30,0.07017543859649122
164,1,456,31,31,0,0.06798245614035088
238,1,456,29,29,0,0.06359649122807018
208,1,456,29,0,29,0.06359649122807018
389,0,456,29,0,29,0.06359649122807018
471,0,456,28,23,5,0.06140350877192982
286,0,456,27,17,10,0.05921052631578947
51,1,456,27,0,27,0.05921052631578947
357,0,456,27,27,0,0.05921052631578947
289,0,456,26,26,0,0.05701754385964912
70,1,456,26,12,14,0.05701754385964912
457,0,456,23,7,16,0.05043859649122807
224,1,456,23,0,23,0.05043859649122807
266,0,456,23,23,0,0.05043859649122807
449,0,456,22,0,22,0.04824561403508772
138,1,456,22,22,0,0.04824561403508772
458,0,456,21,21,0,0.046052631578947366
406,0,456,21,0,21,0.046052631578947366
419,0,456,21,0,21,0.046052631578947366
310,0,456,21,4,17,0.046052631578947366
372,0,456,21,21,0,0.046052631578947366
325,0,456,21,0,21,0.046052631578947366
116,1,456,20,14,6,0.043859649122807015
64,1,456,19,0,19,0.041666666666666664
182,1,456,19,19,0,0.041666666666666664
392,0,456,18,18,0,0.039473684210526314
445,0,456,18,18,0,0.039473684210526314
37,1,456,18,17,1,0.039473684210526314
305,0,456,17,17,0,0.03728070175438596
397,0,456,17,17,0,0.03728070175438596
173,1,456,17,15,2,0.03728070175438596
27,1,456,17,10,7,0.03728070175438596
139,1,456,16,0,16,0.03508771929824561
350,0,456,16,1,15,0.03508771929824561
103,1,456,16,16,0,0.03508771929824561
409,0,456,16,15,1,0.03508771929824561
269,0,456,15,4,11,0.03289473684210526
293,0,456,14,14,0,0.03070175438596491
283,0,456,14,11,3,0.03070175438596491
352,0,456,13,12,1,0.02850877192982456
42,1,456,13,0,13,0.02850877192982456
223,1,456,13,13,0,0.02850877192982456
90,1,456,13,0,13,0.02850877192982456
249,1,456,13,0,13,0.02850877192982456
158,1,456,12,0,12,0.02631578947368421
440,0,456,12,12,0,0.02631578947368421
137,1,456,11,3,8,0.02412280701754386
287,0,456,11,9,2,0.02412280701754386
319,0,456,11,11,0,0.02412280701754386
152,1,456,11,0,11,0.02412280701754386
21,1,456,11,11,0,0.02412280701754386
402,0,456,11,0,11,0.02412280701754386
341,0,456,10,10,0,0.021929824561403508
216,1,456,10,10,0,0.021929824561403508
50,1,456,10,9,1,0.021929824561403508
427,0,456,10,0,10,0.021929824561403508
475,0,456,10,0,10,0.021929824561403508
432,0,456,10,10,0,0.021929824561403508
331,0,456,10,10,0,0.021929824561403508
29,1,456,10,0,10,0.021929824561403508
96,1,456,9,9,0,0.019736842105263157
125,1,456,9,9,0,0.019736842105263157
455,0,456,9,9,0,0.019736842105263157
242,1,456,9,8,1,0.019736842105263157
376,0,456,8,6,2,0.017543859649122806
322,0,456,8,0,8,0.017543859649122806
104,1,456,7,7,0,0.015350877192982455
360,0,456,7,6,1,0.015350877192982455
109,1,456,6,0,6,0.013157894736842105
57,1,456,6,1,5,0.013157894736842105
156,1,456,5,0,5,0.010964912280701754
477,0,456,5,5,0,0.010964912280701754
473,0,456,5,5,0,0.010964912280701754
140,1,456,5,2,3,0.010964912280701754
24,1,456,5,4,1,0.010964912280701754
495,0,456,5,5,0,0.010964912280701754
377,0,456,4,4,0,0.008771929824561403
336,0,456,4,4,0,0.008771929824561403
76,1,456,3,3,0,0.006578947368421052
55,1,456,3,3,0,0.006578947368421052
127,1,456,3,3,0,0.006578947368421052
230,1,456,3,0,3,0.006578947368421052
244,1,456,3,0,3,0.006578947368421052
248,1,456,3,3,0,0.006578947368421052
492,0,456,3,3,0,0.006578947368421052
498,0,456,3,3,0,0.006578947368421052
424,0,456,3,0,3,0.006578947368421052
246,1,456,3,0,3,0.006578947368421052
239,1,456,3,3,0,0.006578947368421052
197,1,456,3,0,3,0.006578947368421052
291,0,456,3,0,3,0.006578947368421052
142,1,456,3,0,3,0.006578947368421052
479,0,456,2,2,0,0.0043859649122807015
339,0,456,2,1,1,0.0043859649122807015
16,1,456,2,0,2,0.0043859649122807015
83,1,456,2,0,2,0.0043859649122807015
328,0,456,2,2,0,0.0043859649122807015
210,1,456,2,0,2,0.0043859649122807015
395,0,456,2,2,0,0.0043859649122807015
132,1,456,2,0,2,0.0043859649122807015
35,1,456,2,0,2,0.0043859649122807015
207,1,456,2,0,2,0.0043859649122807015
290,0,456,2,0,2,0.0043859649122807015
39,1,456,2,0,2,0.0043859649122807015
429,0,456,2,2,0,0.0043859649122807015
323,0,456,2,2,0,0.0043859649122807015
155,1,456,2,2,0,0.0043859649122807015
102,1,456,2,0,2,0.0043859649122807015
209,1,456,1,0,1,0.0021929824561403508
22,1,456,1,0,1,0.0021929824561403508
311,0,456,1,1,0,0.0021929824561403508
351,0,456,1,1,0,0.0021929824561403508
467,0,456,1,1,0,0.0021929824561403508
163,1,456,1,1,0,0.0021929824561403508
23,1,456,1,0,1,0.0021929824561403508
274,0,456,1,0,1,0.0021929824561403508
53,1,456,1,0,1,0.0021929824561403508
381,0,456,1,1,0,0.0021929824561403508
332,0,456,1,0,1,0.0021929824561403508
114,1,456,1,0,1,0.0021929824561403508
147,1,456,1,0,1,0.0021929824561403508
160,1,456,0,0,0,0.0
308,0,456,0,0,0,0.0
151,1,456,0,0,0,0.0
359,0,456,0,0,0,0.0
413,0,456,0,0,0,0.0
256,0,456,0,0,0,0.0
448,0,456,0,0,0,0.0
98,1,456,0,0,0,0.0
32,1,456,0,0,0,0.0
446,0,456,0,0,0,0.0
260,0,456,0,0,0,0.0
162,1,456,0,0,0,0.0
330,0,456,0,0,0,0.0
188,1,456,0,0,0,0.0
106,1,456,0,0,0,0.0
348,0,456,0,0,0,0.0
240,1,456,0,0,0,0.0
41,1,456,0,0,0,0.0
206,1,456,0,0,0,0.0
282,0,456,0,0,0,0.0
254,0,456,0,0,0,0.0
485,0,456,0,0,0,0.0
415,0,456,0,0,0,0.0
186,1,456,0,0,0,0.0
44,1,456,0,0,0,0.0
452,0,456,0,0,0,0.0
285,0,456,0,0,0,0.0
295,0,456,0,0,0,0.0
434,0,456,0,0,0,0.0
279,0,456,0,0,0,0.0
468,0,456,0,0,0,0.0
300,0,456,0,0,0,0.0
135,1,456,0,0,0,0.0
425,0,456,0,0,0,0.0
487,0,456,0,0,0,0.0
233,1,456,0,0,0,0.0
179,1,456,0,0,0,0.0
221,1,456,0,0,0,0.0
383,0,456,0,0,0,0.0
407,0,456,0,0,0,0.0
442,0,456,0,0,0,0.0
488,0,456,0,0,0,0.0
202,1,456,0,0,0,0.0
190,1,456,0,0,0,0.0
259,0,456,0,0,0,0.0
1,1,456,0,0,0,0.0
251,0,456,0,0,0,0.0
80,1,456,0,0,0,0.0
299,0,456,0,0,0,0.0
296,0,456,0,0,0,0.0
10,1,456,0,0,0,0.0
474,0,456,0,0,0,0.0
146,1,456,0,0,0,0.0
398,0,456,0,0,0,0.0
28,1,456,0,0,0,0.0
150,1,456,0,0,0,0.0
338,0,456,0,0,0,0.0
36,1,456,0,0,0,0.0
353,0,456,0,0,0,0.0
255,0,456,0,0,0,0.0
354,0,456,0,0,0,0.0
272,0,456,0,0,0,0.0
199,1,456,0,0,0,0.0
222,1,456,0,0,0,0.0
478,0,456,0,0,0,0.0
118,1,456,0,0,0,0.0
60,1,456,0,0,0,0.0
281,0,456,0,0,0,0.0
176,1,456,0,0,0,0.0
404,0,456,0,0,0,0.0
369,0,456,0,0,0,0.0
321,0,456,0,0,0,0.0
31,1,456,0,0,0,0.0
324,0,456,0,0,0,0.0
278,0,456,0,0,0,0.0
431,0,456,0,0,0,0.0
301,0,456,0,0,0,0.0
131,1,456,0,0,0,0.0
410,0,456,0,0,0,0.0
262,0,456,0,0,0,0.0
46,1,456,0,0,0,0.0
69,1,456,0,0,0,0.0
241,1,456,0,0,0,0.0
273,0,456,0,0,0,0.0
166,1,456,0,0,0,0.0
54,1,456,0,0,0,0.0
84,1,456,0,0,0,0.0
