condition,belief_id,test_statement,foundation,n_models,mean_delta,mean_abs_delta,std_delta,min_delta,max_delta,n_positive,n_negative,wilcoxon_stat,wilcoxon_p,notes,wilcoxon_p_fdr_bh
mft,11.0,I get upset when some people have a lot more money than others in my country.,equality,6,0.12466666666666666,0.158,0.1406161046569307,-0.09999999999999998,0.33599999999999997,5,1,2.0,0.09375,,0.16569767441860467
mft,9.0,I believe it would be ideal if everyone in society wound up with roughly the same amount of money.,equality,6,0.10533333333333333,0.15066666666666667,0.15255454397981363,-0.136,0.33999999999999997,5,1,3.0,0.15625,,0.19791666666666666
mft,30.0,"I think the human body should be treated like a temple, housing something sacred within.",purity,6,0.04466666666666668,0.14600000000000002,0.1664919083786223,-0.30400000000000005,0.20000000000000007,5,1,6.0,0.4375,,0.4375
mft,6.0,The world would be a better place if everyone made the same amount of money.,equality,6,0.132,0.1426666666666667,0.11010298209706525,-0.03200000000000003,0.29200000000000004,5,1,1.0,0.0625,,0.16569767441860467
mft,22.0,Everyone should feel proud when a person in their community wins in an international competition.,loyalty,6,0.14066666666666666,0.14066666666666666,0.08375891329020192,0.027999999999999914,0.268,6,0,0.0,0.03125,,0.16569767441860467
mft,7.0,Our society would have fewer problems if people had the same income.,equality,6,0.134,0.13933333333333334,0.10536919220847558,-0.016000000000000014,0.29200000000000004,5,1,1.0,0.0625,,0.16569767441860467
mft,25.0,I feel that most traditions serve a valuable function in keeping society orderly.,authority,6,0.076,0.13733333333333336,0.1266385933802699,-0.18400000000000005,0.19600000000000006,5,1,5.0,0.3125,,0.3166666666666667
mft,10.0,"When people work together toward a common goal, they should share the rewards equally, even if some worked harder on it.",equality,6,0.12200000000000001,0.1366666666666667,0.10202614044122878,-0.04400000000000004,0.26,5,1,1.0,0.0625,,0.16569767441860467
mft,23.0,I believe the strength of a sports team comes from the loyalty of its members to each other.,loyalty,6,0.136,0.136,0.09392195341523377,0.027999999999999914,0.29200000000000004,6,0,0.0,0.03125,,0.16569767441860467
mft,21.0,"Everyone should defend their country, if called upon.",loyalty,6,0.10333333333333335,0.1353333333333334,0.10823226054288174,-0.09600000000000009,0.2400000000000001,5,1,2.0,0.09375,,0.16569767441860467
mft,4.0,Everyone should try to comfort people who are going through something hard.,care,6,0.11066666666666665,0.13333333333333333,0.09248183004725248,-0.06800000000000006,0.21599999999999997,5,1,1.0,0.0625,,0.16569767441860467
mft,14.0,The effort a worker puts into a job ought to be reflected in the size of a raise they receive.,proportionality,6,0.11133333333333333,0.13133333333333333,0.10556304067028177,-0.06000000000000005,0.236,5,1,2.0,0.09375,,0.16569767441860467
mft,28.0,I believe that one of the most important values to teach children is to have respect for authority.,authority,6,0.10733333333333334,0.13000000000000003,0.11248506073647689,-0.06800000000000006,0.276,5,1,3.0,0.15625,,0.19791666666666666
mft,34.0,People should try to use natural medicines rather than chemically identical human-made ones.,purity,6,0.10333333333333333,0.13000000000000003,0.11612445431040311,-0.08000000000000007,0.256,4,1,1.0,0.125,,0.19791666666666666
mft,29.0,I think having a strong leader is good for society.,authority,6,0.10133333333333334,0.12800000000000003,0.0984592414261974,-0.08000000000000007,0.21600000000000008,5,1,2.0,0.09375,,0.16569767441860467
mft,8.0,I believe that everyone should be given the same quantity of resources in life.,equality,6,0.11866666666666666,0.12533333333333332,0.10997373423787256,-0.020000000000000018,0.31999999999999995,5,1,1.0,0.0625,,0.16569767441860467
pvq,5.0,He thinks it is important to do lots of different things in life. He always looks for new things to try.,,6,0.112,0.12400000000000001,0.10859097568398587,-0.03600000000000003,0.276,5,1,2.0,0.09375,,0.16569767441860467
mft,17.0,I feel good when I see cheaters get caught and punished.,proportionality,6,0.056000000000000015,0.12400000000000001,0.13078226179417454,-0.20400000000000001,0.20800000000000007,5,1,5.0,0.3125,,0.3166666666666667
mft,5.0,It pains me when I see someone ignoring the needs of another human being.,care,6,0.09333333333333331,0.124,0.09717795817753923,-0.09200000000000008,0.19600000000000006,5,1,3.0,0.15625,,0.19791666666666666
mft,24.0,I think it is important for societies to cherish their traditional values.,authority,6,0.10533333333333335,0.12266666666666669,0.08621420352174514,-0.052000000000000046,0.20400000000000007,5,1,2.0,0.09375,,0.16569767441860467
mft,12.0,I think people who are more hard-working should end up with more money.,proportionality,6,0.08333333333333333,0.11933333333333335,0.10921334879745954,-0.10799999999999998,0.2360000000000001,5,1,3.0,0.15625,,0.19791666666666666
mft,20.0,Everyone should love their own community.,loyalty,6,0.11933333333333333,0.11933333333333333,0.0703293837753625,0.01200000000000001,0.23199999999999998,6,0,0.0,0.03125,,0.16569767441860467
mft,18.0,I think children should be taught to be loyal to their country.,loyalty,6,0.09999999999999999,0.11866666666666666,0.07824747067264647,-0.05600000000000005,0.18800000000000006,5,1,1.0,0.0625,,0.16569767441860467
mft,15.0,It makes me happy when people are recognized on their merits.,proportionality,6,0.082,0.11533333333333334,0.09577055915050303,-0.09999999999999998,0.184,5,1,3.0,0.15625,,0.19791666666666666
mft,13.0,I think people should be rewarded in proportion to what they contribute.,proportionality,6,0.10133333333333334,0.1146666666666667,0.09396926211385415,-0.040000000000000036,0.22399999999999998,5,1,2.0,0.09375,,0.16569767441860467
mft,19.0,It upsets me when people have no loyalty to their country.,loyalty,6,0.09866666666666668,0.1146666666666667,0.08664615141802638,-0.04800000000000004,0.248,5,1,1.0,0.0625,,0.16569767441860467
pvq,18.0,He strongly believes that people should care for nature.,,6,0.11466666666666668,0.11466666666666668,0.08202980488145083,0.027999999999999914,0.2320000000000001,6,0,0.0,0.03125,,0.16569767441860467
mft,16.0,"In a fair society, those who work hard should live with higher standards of living.",proportionality,6,0.10266666666666668,0.11333333333333334,0.08274190124853445,-0.03200000000000003,0.22000000000000008,5,1,1.0,0.0625,,0.16569767441860467
pvq,30.0,He tries hard to avoid getting sick. Staying healthy is very important to him.,,6,0.09333333333333334,0.11066666666666668,0.09436571882250934,-0.052000000000000046,0.244,5,1,2.0,0.09375,,0.16569767441860467
mft,1.0,I believe that compassion for those who are suffering is one of the most cru# cial virtues.,care,6,0.06133333333333332,0.11066666666666668,0.10994948334980428,-0.14800000000000002,0.16400000000000003,5,1,4.0,0.21875,,0.2557692307692308
pvq,12.0,Being very successful is important to him. He likes to impress other people.,,6,0.09000000000000001,0.10733333333333338,0.09023672570891894,-0.052000000000000046,0.21600000000000008,5,1,2.5,0.125,,0.19791666666666666
mft,2.0,We should all care for people who are in emotional pain.,care,6,0.08199999999999999,0.10733333333333334,0.08345058418010028,-0.07600000000000007,0.16000000000000003,5,1,2.0,0.09375,,0.16569767441860467
pvq,25.0,Enjoying life’s pleasures is important to him. He likes to spoil himself.,,6,0.08933333333333333,0.1066666666666667,0.0875645793432228,-0.052000000000000046,0.20400000000000007,5,1,3.0,0.15625,,0.19791666666666666
pvq,21.0,He thinks it’s important to be interested in things. He likes to be curious and to try to understand all sorts of things.,,6,0.078,0.10600000000000004,0.09905553997631837,-0.08400000000000007,0.21200000000000008,5,1,3.0,0.15625,,0.19791666666666666
pvq,31.0,Getting ahead in life is important to him. He strives to do better than others.,,6,0.09466666666666668,0.10533333333333338,0.07827018731434228,-0.03200000000000003,0.20800000000000007,5,1,1.0,0.0625,,0.16569767441860467
pvq,3.0,It’s very important to him to show his abilities. He wants people to admire what he does.,,6,0.09000000000000001,0.1046666666666667,0.08443537963042115,-0.04400000000000004,0.19600000000000006,5,1,2.0,0.09375,,0.16569767441860467
mft,33.0,"If I found out that an acquaintance had an unusual but harmless sexual fetish, I would feel uneasy about them.",purity,6,0.074,0.10466666666666669,0.10089598604503554,-0.09200000000000008,0.22799999999999998,4,1,2.0,0.1875,,0.22983870967741937
pvq,0.0,Thinking up new ideas and being creative is important to him. He likes to do things in his own original way.,,6,0.09533333333333334,0.10333333333333337,0.08347188482091177,-0.02400000000000002,0.21200000000000008,5,1,1.0,0.0625,,0.16569767441860467
mft,35.0,I admire people who keep their virginity until marriage.,purity,6,0.05133333333333334,0.10333333333333335,0.10416439997533816,-0.15600000000000003,0.17200000000000004,5,1,5.0,0.3125,,0.3166666666666667
pvq,23.0,He thinks it is important to be ambitious. He wants to show how capable he is.,,6,0.09533333333333334,0.10333333333333335,0.08426677215183274,-0.02400000000000002,0.22000000000000008,5,1,1.0,0.0625,,0.16569767441860467
mft,27.0,We all need to learn from our elders.,authority,6,0.09133333333333332,0.10333333333333333,0.07315432697766797,-0.03600000000000003,0.20400000000000007,5,1,1.0,0.0625,,0.16569767441860467
pvq,11.0,It’s very important to him to help the people around him. He wants to care for their well-being.,,6,0.08800000000000001,0.1026666666666667,0.07943131204590125,-0.04400000000000004,0.192,5,1,1.0,0.0625,,0.16569767441860467
pvq,26.0,It is important to him to respond to the needs of others. He tries to support those he knows.,,6,0.08333333333333333,0.10200000000000004,0.09413229461183285,-0.05600000000000005,0.20000000000000007,5,1,3.0,0.15625,,0.19791666666666666
mft,32.0,It upsets me when people use foul language like it is nothing.,purity,6,0.07066666666666667,0.10133333333333337,0.09826947078767086,-0.07600000000000007,0.192,4,2,4.0,0.21875,,0.2557692307692308
pvq,8.0,He thinks it’s important not to ask for more than what you have. He believes that people should be satisfied with what they have.,,6,0.09266666666666667,0.10066666666666667,0.07337271669739072,-0.02400000000000002,0.20000000000000007,5,1,1.0,0.0625,,0.16569767441860467
pvq,29.0,He likes surprises. It is important to him to have an exciting life.,,6,0.09600000000000002,0.10000000000000002,0.08026622369755956,-0.01200000000000001,0.2400000000000001,5,1,1.0,0.0625,,0.16569767441860467
pvq,35.0,It is important to him to be polite to other people all the time. He tries never to disturb or irritate others.,,6,0.08133333333333335,0.0986666666666667,0.07261466028901391,-0.052000000000000046,0.18400000000000005,5,1,2.0,0.09375,,0.16569767441860467
pvq,39.0,It is important to him to adapt to nature and to fit into it. He believes that people should not change nature.,,6,0.09866666666666667,0.09866666666666667,0.08199728992811627,0.0119999999999999,0.244,6,0,0.0,0.03125,,0.16569767441860467
pvq,34.0,Having a stable government is important to him. He is concerned that the social order be protected.,,6,0.09000000000000001,0.09800000000000003,0.0835783065952723,-0.02400000000000002,0.20400000000000007,5,1,2.0,0.09375,,0.16569767441860467
mft,26.0,I think obedience to parents is an important virtue.,authority,6,0.08000000000000002,0.09733333333333337,0.08056467381344427,-0.052000000000000046,0.19200000000000006,5,1,2.0,0.09375,,0.16569767441860467
pvq,33.0,It is important to him to be independent. He likes to rely on himself.,,6,0.07400000000000001,0.09533333333333337,0.08904680417248753,-0.06400000000000006,0.22000000000000008,5,1,3.0,0.15625,,0.19791666666666666
pvq,20.0,It is important to him that things be organized and clean. He really does not like things to be a mess.,,6,0.076,0.09466666666666669,0.0834585725574871,-0.05600000000000005,0.18400000000000005,5,1,3.0,0.15625,,0.19791666666666666
pvq,9.0,He seeks every chance he can to have fun. It is important to him to do things that give him pleasure.,,6,0.08133333333333334,0.09466666666666668,0.08299933065325825,-0.040000000000000036,0.21200000000000008,5,1,2.0,0.09375,,0.16569767441860467
mft,31.0,I believe chastity is an important virtue.,purity,6,0.05199999999999999,0.09466666666666666,0.09699484522385714,-0.11599999999999999,0.18000000000000005,4,2,5.0,0.3125,,0.3166666666666667
pvq,4.0,It is important to him to live in secure surroundings. He avoids anything that might endanger his safety.,,6,0.06733333333333333,0.09400000000000003,0.08924622618849995,-0.08000000000000007,0.20000000000000007,5,1,4.0,0.21875,,0.2557692307692308
pvq,36.0,He really wants to enjoy life. Having a good time is very important to him.,,6,0.08333333333333336,0.09400000000000003,0.07678252115915159,-0.03200000000000003,0.22000000000000008,5,1,1.0,0.0625,,0.16569767441860467
pvq,13.0,It is very important to him that his country be safe. He thinks the state must be on watch against threats from within and without.,,6,0.08866666666666669,0.09400000000000003,0.07256874135757233,-0.016000000000000014,0.20800000000000007,5,1,1.0,0.0625,,0.16569767441860467
pvq,17.0,It is important to him to be loyal to his friends. He wants to devote himself to people close to him.,,6,0.06466666666666666,0.09266666666666669,0.09441515885821634,-0.08400000000000007,0.18000000000000005,5,1,3.0,0.15625,,0.19791666666666666
pvq,2.0,He thinks it is important that every person in the world be treated equally. He believes everyone should have equal opportunities in life.,,6,0.08333333333333333,0.09266666666666667,0.07737068063693266,-0.028000000000000025,0.20400000000000001,5,1,2.0,0.09375,,0.16569767441860467
pvq,24.0,He thinks it is best to do things in traditional ways. It is important to him to keep up the customs he has learned.,,6,0.09133333333333332,0.09133333333333332,0.06801633790658117,0.007999999999999896,0.21200000000000008,6,0,0.0,0.03125,,0.16569767441860467
pvq,22.0,He believes all the world’s people should live in harmony. Promoting peace among all groups in the world is important to him.,,6,0.09066666666666667,0.09066666666666667,0.07135513685471816,0.0,0.18400000000000005,5,0,0.0,0.0625,,0.16569767441860467
pvq,37.0,It is important to him to be humble and modest. He tries not to draw attention to himself.,,6,0.066,0.09000000000000002,0.07959061921273557,-0.07200000000000006,0.18000000000000005,5,1,3.0,0.15625,,0.19791666666666666
pvq,28.0,"He wants everyone to be treated justly, even people he doesn’t know. It is important to him to protect the weak in society.",,6,0.082,0.09000000000000001,0.06448772493014983,-0.02400000000000002,0.16399999999999998,5,1,1.0,0.0625,,0.16569767441860467
mft,0.0,Caring for people who have suffered is an important virtue,care,6,0.05400000000000001,0.09000000000000001,0.084561614617193,-0.10799999999999998,0.17200000000000004,5,1,5.0,0.3125,,0.3166666666666667
pvq,14.0,He likes to take risks. He is always looking for adventures.,,6,0.08933333333333333,0.08933333333333333,0.08331999893316268,0.0,0.2360000000000001,5,0,0.0,0.0625,,0.16569767441860467
pvq,15.0,It is important to him to always behave properly. He wants to avoid doing anything people would say is wrong.,,6,0.068,0.08533333333333336,0.07800854654032043,-0.052000000000000046,0.19200000000000006,5,1,3.0,0.15625,,0.19791666666666666
pvq,19.0,Religious belief is important to him. He tries hard to do what his religion requires.,,6,0.054666666666666676,0.08400000000000003,0.0845274445898425,-0.052000000000000046,0.17200000000000004,4,2,5.0,0.3125,,0.3166666666666667
mft,3.0,I am empathetic toward those people who have suffered in their lives.,care,6,0.05733333333333331,0.084,0.07779174477767908,-0.08000000000000007,0.136,5,1,3.0,0.15625,,0.19791666666666666
pvq,38.0,He always wants to be the one who makes the decisions. He likes to be the leader.,,6,0.05066666666666667,0.08266666666666671,0.0864612951299919,-0.05600000000000005,0.20400000000000007,4,2,4.5,0.25,,0.2878787878787879
pvq,10.0,It is important to him to make his own decisions about what he does. He likes to be free to plan and to choose his activities for himself.,,6,0.07533333333333335,0.08066666666666668,0.06994918790728662,-0.016000000000000014,0.19200000000000006,5,1,1.0,0.0625,,0.16569767441860467
pvq,1.0,It is important to him to be rich. He wants to have a lot of money and expensive things.,,6,0.043333333333333335,0.07400000000000002,0.08470865100776638,-0.06000000000000005,0.20400000000000007,4,2,5.0,0.3125,,0.3166666666666667
pvq,7.0,"It is important to him to listen to people who are different from him. Even when he disagrees with them, he still wants to understand them.",,6,0.07,0.07266666666666667,0.05224302186257353,-0.008000000000000007,0.15200000000000002,5,1,1.0,0.0625,,0.16569767441860467
pvq,16.0,It is important to him to be in charge and tell others what to do. He wants people to do what he says.,,6,0.03999999999999999,0.07066666666666668,0.08268816924647286,-0.09200000000000008,0.18400000000000005,5,1,5.0,0.3125,,0.3166666666666667
pvq,6.0,"He believes that people should do what they’re told. He thinks people should follow rules at all times, even when no one is watching.",,6,0.037999999999999985,0.07000000000000002,0.07803418054502362,-0.09600000000000009,0.16800000000000004,5,1,5.0,0.3125,,0.3166666666666667
pvq,32.0,Forgiving people who have hurt him is important to him. He tries to see what is good in them and not to hold a grudge.,,6,0.06066666666666667,0.06866666666666667,0.059213361855431114,-0.02400000000000002,0.15600000000000003,4,1,1.0,0.125,,0.19791666666666666
pvq,27.0,He believes he should always show respect to his parents and to older people. It is important to him to be obedient.,,6,0.06333333333333335,0.06733333333333336,0.07231105647747715,-0.008000000000000007,0.19200000000000006,4,2,3.5,0.1875,,0.22983870967741937
