id,dataset_label,n_models,mean_flip_rate,between_model_var,max_possible_var,dispersion_ratio
172,1,6,0.6162280701754387,0.23361611265004614,0.28378924284395196,0.8232028469750889
499,0,6,0.581140350877193,0.2118709602954755,0.2920994921514312,0.7253383384372221
486,0,6,0.5285087719298246,0.25806209602954755,0.2990246999076639,0.8630126411270868
306,0,6,0.5153508771929826,0.11838065558633426,0.29971722068328716,0.39497448733994417
229,1,6,0.5153508771929824,0.2009983841181902,0.29971722068328716,0.6706267449696737
303,0,6,0.5021929824561403,0.2824388273314866,0.29999422899353645,0.9414808687455515
329,0,6,0.5,0.2709141274238227,0.3,0.9030470914127424
180,1,6,0.493421052631579,0.28710180055401663,0.29994806094182824,0.9571717171717172
464,0,6,0.4912280701754386,0.19457525392428437,0.2999076638965836,0.6487838669950738
465,0,6,0.47368421052631576,0.2268698060941828,0.2991689750692521,0.7583333333333332
439,0,6,0.4561403508771929,0.24956140350877193,0.2976915974145891,0.8383219602977667
476,0,6,0.4539473684210526,0.18343144044321327,0.29745498614958443,0.6166695768581573
428,0,6,0.4495614035087719,0.25473799630655586,0.2969471375807941,0.8578563793606063
380,0,6,0.4451754385964912,0.23361611265004617,0.29639312096029546,0.7881968106855664
276,0,6,0.4451754385964912,0.2522449215143121,0.29639312096029546,0.8510485017231645
480,0,6,0.44298245614035087,0.17463065558633425,0.2960987996306556,0.5897715755827551
110,1,6,0.43201754385964913,0.2303612650046168,0.2944540627885503,0.782333457460361
411,0,6,0.43201754385964913,0.23299284395198522,0.2944540627885503,0.7912706034533447
491,0,6,0.43201754385964913,0.1584776084949215,0.2944540627885503,0.5382082590204418
201,1,6,0.40350877192982454,0.18127885503231764,0.28882733148661127,0.6276374680306905
219,1,6,0.3947368421052632,0.12742382271468142,0.2867036011080332,0.44444444444444436
378,0,6,0.3815789473684211,0.19764542936288088,0.2831717451523546,0.6979701638542429
294,0,6,0.375,0.22221260387811634,0.28125,0.7900892582333026
252,0,6,0.375,0.22574445983379504,0.28125,0.8026469682979379
189,1,6,0.37280701754385964,0.15420129270544783,0.2805863342566944,0.5495680789798436
19,1,6,0.37061403508771934,0.17849145891043397,0.2799111265004616,0.6376718965837166
470,0,6,0.3684210526315789,0.15256232686980611,0.2792243767313019,0.5463789682539684
358,0,6,0.3640350877192982,0.24270544783010156,0.27781625115420133,0.8736186123805566
484,0,6,0.3640350877192982,0.14201292705447832,0.27781625115420133,0.5111757374324886
315,0,6,0.35964912280701755,0.17892428439519853,0.2763619575253924,0.6474273304376881
5,1,6,0.3574561403508772,0.19912857802400738,0.27561749769159744,0.7224816264997173
496,0,6,0.3552631578947369,0.2520083102493075,0.27486149584487535,0.9168556311413454
6,1,6,0.3552631578947369,0.18857340720221608,0.27486149584487535,0.6860670194003528
309,0,6,0.3552631578947368,0.17271468144044316,0.27486149584487535,0.6283698664651044
145,1,6,0.3486842105263159,0.22235110803324099,0.27252423822714683,0.8158947970268724
62,1,6,0.34868421052631576,0.17650623268698062,0.27252423822714683,0.6476716854075345
349,0,6,0.34649122807017546,0.16874422899353644,0.2717220683287165,0.6210177555008071
165,1,6,0.34649122807017546,0.23231763619575257,0.2717220683287165,0.8549825843173905
345,0,6,0.33991228070175444,0.0978820406278855,0.26924630655586335,0.3635408852213053
133,1,6,0.33771929824561403,0.16874422899353644,0.2683979686057248,0.6287090393050658
370,0,6,0.33771929824561403,0.13550323176361953,0.2683979686057248,0.5048593790315644
382,0,6,0.3355263157894737,0.22255886426592797,0.26753808864265927,0.8318773053775966
422,0,6,0.3355263157894737,0.264941135734072,0.26753808864265927,0.9902931469617551
225,1,6,0.3333333333333333,0.2666666666666667,0.26666666666666666,1.0000000000000002
327,0,6,0.3333333333333333,0.2666666666666667,0.26666666666666666,1.0000000000000002
65,1,6,0.3333333333333333,0.2666666666666667,0.26666666666666666,1.0000000000000002
175,1,6,0.331140350877193,0.25307594644506,0.265783702677747,0.9521876017804798
113,1,6,0.331140350877193,0.17205101569713754,0.265783702677747,0.6473347085007056
234,1,6,0.331140350877193,0.26318674976915973,0.265783702677747,0.9902290739333406
368,0,6,0.33114035087719296,0.1334776084949215,0.265783702677747,0.5022038866572576
181,1,6,0.3289473684210526,0.2596952908587258,0.2648891966759002,0.9803921568627454
18,1,6,0.3289473684210526,0.2547091412742382,0.2648891966759002,0.9615686274509806
0,1,6,0.3267543859649123,0.15640004616805167,0.26398314866112654,0.5924622346588546
481,0,6,0.3267543859649123,0.16200946445060016,0.26398314866112654,0.6137113875347046
316,0,6,0.32675438596491224,0.19919783010156972,0.2639831486611265,0.7545854010449686
192,1,6,0.32675438596491224,0.1514831486611265,0.2639831486611265,0.5738364339899001
408,0,6,0.3245614035087719,0.2342566943674977,0.2630655586334256,0.8904878904878907
4,1,6,0.3223684210526316,0.21694944598337945,0.26213642659279773,0.8276203685357638
461,0,6,0.3223684210526316,0.24956717451523547,0.26213642659279773,0.9520507232019023
220,1,6,0.3201754385964912,0.24630655586334255,0.2611957525392428,0.9429960229783473
243,1,6,0.31798245614035087,0.2435191597414589,0.26024353647276083,0.9357356691429206
374,0,6,0.3135964912280702,0.20688481071098797,0.2583044783010157,0.8009338903907592
89,1,6,0.3092105263157895,0.22574445983379504,0.25631925207756234,0.8807159743329956
200,1,6,0.30921052631578944,0.22636772853185594,0.25631925207756234,0.8831475852752447
194,1,6,0.30921052631578944,0.22525969529085876,0.25631925207756234,0.878824721377913
105,1,6,0.30921052631578944,0.14935941828254848,0.25631925207756234,0.582708544410672
112,1,6,0.30701754385964913,0.22012927054478296,0.25530932594644506,0.8622061482820974
75,1,6,0.30701754385964913,0.22435364727608492,0.25530932594644506,0.8787522603978299
288,0,6,0.3026315789473684,0.15297783933518003,0.2532548476454294,0.6040470330872298
30,1,6,0.29605263157894735,0.20372229916897505,0.2500865650969529,0.814607130494981
371,0,6,0.29385964912280704,0.17192982456140354,0.2490073868882733,0.6904607397793642
149,1,6,0.2916666666666667,0.1471202677746999,0.24791666666666665,0.5934262901836634
92,1,6,0.2894736842105263,0.203601108033241,0.24681440443213296,0.8249158249158249
122,1,6,0.2894736842105263,0.14162049861495846,0.24681440443213296,0.5737934904601572
111,1,6,0.28728070175438597,0.17703716528162514,0.2457006001846722,0.720540223135643
169,1,6,0.28508771929824567,0.16902123730378577,0.2445752539242844,0.6910806984426616
460,0,6,0.2850877192982456,0.19976915974145892,0.2445752539242844,0.816800377536574
405,0,6,0.28289473684210525,0.1949965373961219,0.2434383656509695,0.8010098854988978
337,0,6,0.2807017543859649,0.03986611265004618,0.2422899353647276,0.16453887195121958
93,1,6,0.27850877192982454,0.11062442289935367,0.24112996306555864,0.4587750999210206
391,0,6,0.27850877192982454,0.19698176361957526,0.24112996306555864,0.8169111839743436
170,1,6,0.27850877192982454,0.1901258079409049,0.24112996306555864,0.7884785678385946
226,1,6,0.2741228070175439,0.1777296860572484,0.2387753924284395,0.7443383685800605
433,0,6,0.2741228070175438,0.18777123730378578,0.23877539242843948,0.7863927492447131
99,1,6,0.2719298245614035,0.17366112650046167,0.2375807940904894,0.7309560823940924
45,1,6,0.26973684210526316,0.15856994459833793,0.23637465373961217,0.6708415732805977
250,0,6,0.26973684210526316,0.18003808864265927,0.23637465373961217,0.7616641031275178
362,0,6,0.26535087719298245,0.1469125115420129,0.23392774699907662,0.6280251634390033
245,1,6,0.2631578947368421,0.1628116343490305,0.23268698060941828,0.6997023809523811
196,1,6,0.2631578947368421,0.14106648199445987,0.23268698060941828,0.6062500000000002
204,1,6,0.2631578947368421,0.15609418282548476,0.23268698060941828,0.6708333333333333
447,0,6,0.2609649122807018,0.1800842566943675,0.23143467220683286,0.7781213375557939
462,0,6,0.25877192982456143,0.16098799630655586,0.23017082179132042,0.6994283421923577
420,0,6,0.25438596491228066,0.177746999076639,0.2276084949215143,0.7809330628803247
277,0,6,0.25219298245614036,0.17634464450600182,0.22631001846722065,0.7792171362998852
101,1,6,0.25219298245614036,0.15085987996306555,0.22631001846722065,0.6666071656253985
161,1,6,0.25219298245614036,0.16886542012927053,0.22631001846722065,0.7461685579497641
193,1,6,0.25219298245614036,0.16346375807940902,0.22631001846722065,0.7223001402524544
421,0,6,0.25,0.16558171745152356,0.22499999999999998,0.7359187442289936
63,1,6,0.25,0.17001385041551248,0.22499999999999998,0.7556171129578333
489,0,6,0.25,0.09792243767313019,0.22499999999999998,0.43521083410280087
280,0,6,0.24780701754385967,0.13977954755309324,0.22367843951985228,0.6249129234500372
384,0,6,0.2456140350877193,0.16562788550323176,0.22234533702677747,0.7449127906976745
454,0,6,0.2456140350877193,0.16479686057248383,0.22234533702677747,0.7411752491694351
423,0,6,0.24561403508771928,0.12670821791320402,0.22234533702677745,0.5698712624584716
430,0,6,0.24342105263157895,0.1530297783933518,0.22100069252077562,0.6924402663533099
257,0,6,0.24342105263157895,0.15614612188365648,0.22100069252077562,0.7065413239326281
418,0,6,0.24342105263157895,0.17131232686980608,0.22100069252077562,0.7751664708186446
58,1,6,0.24342105263157895,0.16106301939058168,0.22100069252077562,0.7287896592244417
456,0,6,0.2412280701754386,0.15780240073868884,0.21964450600184673,0.7184445612191277
136,1,6,0.2412280701754386,0.1636195752539243,0.21964450600184673,0.7449290593799264
107,1,6,0.23903508771929824,0.1541839796860572,0.21827677746999077,0.7063691404700841
482,0,6,0.23684210526315788,0.13905817174515236,0.21689750692520773,0.641123882503193
144,1,6,0.23245614035087722,0.14997691597414592,0.21410433979686058,0.7004851752021565
52,1,6,0.2280701754385965,0.1314173591874423,0.21126500461680517,0.6220498251748252
307,0,6,0.22587719298245615,0.128699215143121,0.2098280240073869,0.6133557028521137
417,0,6,0.2236842105263158,0.1633656509695291,0.20837950138504155,0.7839813891658359
441,0,6,0.2192982456140351,0.1179824561403509,0.20544783010156972,0.5742696629213484
298,0,6,0.2149122807017544,0.15413204062788555,0.20246999076638966,0.7612586934215029
313,0,6,0.21271929824561406,0.09961334256694368,0.20096375807940906,0.49567814375556385
171,1,6,0.21271929824561406,0.09601223453370267,0.20096375807940906,0.4777589524165063
365,0,6,0.212719298245614,0.0932421514312096,0.20096375807940906,0.4639749590787698
314,0,6,0.212719298245614,0.13964104339796862,0.20096375807940906,0.6948568474858571
157,1,6,0.212719298245614,0.12412857802400741,0.20096375807940906,0.6176664847945325
198,1,6,0.2105263157894737,0.1517313019390582,0.1994459833795014,0.760763888888889
38,1,6,0.20833333333333334,0.06381001846722067,0.19791666666666666,0.32240851436069395
493,0,6,0.20833333333333334,0.15446098799630653,0.19791666666666666,0.7804344656655489
67,1,6,0.20833333333333334,0.12302054478301012,0.19791666666666666,0.621577489429946
77,1,6,0.20614035087719298,0.10309325946445062,0.1963758079409049,0.5249794287057719
317,0,6,0.20614035087719298,0.08938134810710988,0.1963758079409049,0.4551545785823439
271,0,6,0.20614035087719298,0.07151431209602954,0.1963758079409049,0.36417068296696836
469,0,6,0.20614035087719298,0.16022622345337026,0.1963758079409049,0.815916304220054
115,1,6,0.20614035087719298,0.10447830101569713,0.1963758079409049,0.5320324438697543
379,0,6,0.20614035087719298,0.15503231763619574,0.1963758079409049,0.7894674973551192
356,0,6,0.20614035087719298,0.13411819021237306,0.1963758079409049,0.6829669683789822
265,0,6,0.20614035087719296,0.1590489381348107,0.19637580794090487,0.8099212413306689
394,0,6,0.20394736842105263,0.16009349030470915,0.19482340720221605,0.8217364258419978
119,1,6,0.20175438596491227,0.1600184672206833,0.19325946445060016,0.8279980888676542
270,0,6,0.19956140350877194,0.16000115420129268,0.19168397968605727,0.8347132319735058
388,0,6,0.1973684210526316,0.1299168975069252,0.19009695290858725,0.6834244080145719
79,1,6,0.19736842105263155,0.16004155124653743,0.19009695290858725,0.8418943533697635
258,0,6,0.19736842105263155,0.06689750692520777,0.19009695290858725,0.35191256830601103
231,1,6,0.19517543859649122,0.13784048938134813,0.1884983841181902,0.7312555490922452
443,0,6,0.19517543859649122,0.1527989381348107,0.1884983841181902,0.8106113951565993
85,1,6,0.1929824561403509,0.15953370267774697,0.18688827331486613,0.8536314229249009
232,1,6,0.18640350877192982,0.16055517082179133,0.1819886888273315,0.8822260979863644
453,0,6,0.18640350877192982,0.10051361957525393,0.1819886888273315,0.5523069605200571
312,0,6,0.18640350877192982,0.15543051708217911,0.1819886888273315,0.8540669097827809
148,1,6,0.1842105263157895,0.11198060941828256,0.18033240997229918,0.6209677419354839
143,1,6,0.18421052631578946,0.14300554016620498,0.18033240997229913,0.7930107526881722
401,0,6,0.1820175438596491,0.12856071098799632,0.17866458910433977,0.7195645854194258
108,1,6,0.17982456140350878,0.1441597414589104,0.17698522622345336,0.814529803052041
435,0,6,0.17982456140350878,0.10877192982456144,0.17698522622345336,0.6145819746967526
304,0,6,0.17982456140350878,0.10814866112650043,0.17698522622345336,0.6110603886787529
284,0,6,0.17763157894736845,0.07657548476454293,0.1752943213296399,0.43683950617283945
185,1,6,0.17763157894736845,0.08336218836565097,0.1752943213296399,0.4755555555555555
174,1,6,0.1776315789473684,0.14444252077562328,0.17529432132963987,0.8240000000000002
451,0,6,0.1754385964912281,0.05842566943674978,0.17359187442289936,0.3365691489361703
340,0,6,0.17543859649122806,0.13418744228993534,0.17359187442289936,0.773005319148936
154,1,6,0.17324561403508773,0.14518120960295472,0.17187788550323177,0.8446764933015476
187,1,6,0.17324561403508773,0.15446098799630656,0.17187788550323177,0.8986670248128127
11,1,6,0.17324561403508773,0.15930863342566942,0.17187788550323177,0.9268710338112345
393,0,6,0.17324561403508773,0.10404547553093262,0.17187788550323177,0.6053453312292248
400,0,6,0.16885964912280702,0.11706486611265006,0.1684152816251154,0.6950964602679643
320,0,6,0.16885964912280702,0.16581832871652818,0.1684152816251154,0.9845800637357368
121,1,6,0.16885964912280702,0.16581832871652818,0.1684152816251154,0.9845800637357368
20,1,6,0.16885964912280702,0.16581832871652818,0.1684152816251154,0.9845800637357368
88,1,6,0.16885964912280702,0.16581832871652818,0.1684152816251154,0.9845800637357368
264,0,6,0.16666666666666666,0.16147276084949216,0.16666666666666666,0.968836565096953
167,1,6,0.16666666666666666,0.16666666666666669,0.16666666666666666,1.0000000000000002
117,1,6,0.16666666666666666,0.16666666666666669,0.16666666666666666,1.0000000000000002
130,1,6,0.16666666666666666,0.16666666666666669,0.16666666666666666,1.0000000000000002
134,1,6,0.16666666666666666,0.16666666666666669,0.16666666666666666,1.0000000000000002
7,1,6,0.16666666666666666,0.16147276084949216,0.16666666666666666,0.968836565096953
91,1,6,0.16666666666666666,0.16666666666666669,0.16666666666666666,1.0000000000000002
94,1,6,0.16666666666666666,0.16666666666666669,0.16666666666666666,1.0000000000000002
217,1,6,0.16666666666666666,0.16666666666666669,0.16666666666666666,1.0000000000000002
466,0,6,0.16666666666666666,0.1515004616805171,0.16666666666666666,0.9090027700831026
292,0,6,0.16666666666666666,0.16666666666666669,0.16666666666666666,1.0000000000000002
14,1,6,0.16666666666666666,0.16666666666666669,0.16666666666666666,1.0000000000000002
211,1,6,0.16666666666666666,0.16666666666666669,0.16666666666666666,1.0000000000000002
26,1,6,0.16447368421052633,0.03640927977839335,0.16490650969529086,0.22078740157480314
444,0,6,0.1644736842105263,0.15219875346260386,0.16490650969529083,0.9229396325459318
373,0,6,0.16228070175438597,0.15801015697137583,0.163134810710988,0.968586387434555
56,1,6,0.16228070175438597,0.15801015697137583,0.163134810710988,0.968586387434555
33,1,6,0.16228070175438597,0.15801015697137583,0.163134810710988,0.968586387434555
235,1,6,0.16228070175438597,0.15295475530932595,0.163134810710988,0.9375972831470213
261,0,6,0.16228070175438597,0.12144506001846725,0.163134810710988,0.7444460166973257
297,0,6,0.16228070175438597,0.15801015697137583,0.163134810710988,0.968586387434555
66,1,6,0.16228070175438597,0.15801015697137583,0.163134810710988,0.968586387434555
364,0,6,0.1600877192982456,0.1537684672206833,0.16135156971375808,0.9530026109660575
472,0,6,0.1600877192982456,0.09815904893813482,0.16135156971375808,0.608355091383812
214,1,6,0.1600877192982456,0.14878231763619573,0.16135156971375808,0.9221002181766156
385,0,6,0.15789473684210528,0.057825484764542925,0.1595567867036011,0.3624131944444444
361,0,6,0.15789473684210528,0.06322714681440442,0.1595567867036011,0.39626736111111105
203,1,6,0.15789473684210528,0.09335180055401661,0.1595567867036011,0.5850694444444444
366,0,6,0.15789473684210525,0.14958448753462603,0.15955678670360107,0.9375000000000001
396,0,6,0.15789473684210525,0.14958448753462603,0.15955678670360107,0.9375000000000001
73,1,6,0.15570175438596492,0.08119228993536473,0.1577504616805171,0.5146881287726358
412,0,6,0.15570175438596492,0.14545821791320407,0.1577504616805171,0.922077922077922
195,1,6,0.15570175438596492,0.1406105724838412,0.1577504616805171,0.8913480885311872
483,0,6,0.15570175438596492,0.1454582179132041,0.1577504616805171,0.9220779220779222
48,1,6,0.15350877192982457,0.07656971375807939,0.15593259464450598,0.4910436713545521
414,0,6,0.15350877192982457,0.14138965835641737,0.15593259464450598,0.9067357512953369
78,1,6,0.15350877192982457,0.13661126500461684,0.15593259464450598,0.8760917838638049
227,1,6,0.1513157894736842,0.0609937673130194,0.15410318559556788,0.3957982249185485
318,0,6,0.1513157894736842,0.13737880886426596,0.15410318559556788,0.8914728682170544
343,0,6,0.1513157894736842,0.09001038781163437,0.15410318559556788,0.5840916750926863
302,0,6,0.1513157894736842,0.1326696675900277,0.15410318559556788,0.8609145039883159
494,0,6,0.14912280701754385,0.13342566943674972,0.15226223453370266,0.8762886597938142
95,1,6,0.14912280701754385,0.13342566943674972,0.15226223453370266,0.8762886597938142
47,1,6,0.14912280701754385,0.13342566943674977,0.15226223453370266,0.8762886597938145
87,1,6,0.14912280701754385,0.13342566943674972,0.15226223453370266,0.8762886597938142
218,1,6,0.14912280701754385,0.1242843951985226,0.15226223453370266,0.8162522741055184
141,1,6,0.14912280701754385,0.09325946445060018,0.15226223453370266,0.6124924196482717
13,1,6,0.14912280701754385,0.119921514312096,0.15226223453370266,0.787598544572468
3,1,6,0.1469298245614035,0.12953024007386887,0.15040974145891042,0.8611825192802056
463,0,6,0.1425438596491228,0.061386195752539244,0.14667012927054476,0.41853236277788713
191,1,6,0.14035087719298245,0.11819021237303788,0.14478301015697137,0.8163265306122451
153,1,6,0.13815789473684212,0.06466412742382271,0.14288434903047093,0.45256270447110136
129,1,6,0.13815789473684212,0.06466412742382271,0.14288434903047093,0.45256270447110136
426,0,6,0.13596491228070176,0.08100184672206832,0.1409741458910434,0.5745865400360242
247,1,6,0.13596491228070176,0.023661126500461684,0.1409741458910434,0.16784018339610285
386,0,6,0.13596491228070176,0.0948522622345337,0.1409741458910434,0.6728344522678893
17,1,6,0.13596491228070173,0.03778855032317636,0.14097414589104337,0.26805305387260525
59,1,6,0.1337719298245614,0.1073695752539243,0.13905240073868882,0.7721518987341773
355,0,6,0.1337719298245614,0.05369921514312095,0.13905240073868882,0.38617970533305657
8,1,6,0.13157894736842105,0.10387811634349031,0.1371191135734072,0.7575757575757577
183,1,6,0.13157894736842105,0.058518005540166215,0.1371191135734072,0.42676767676767685
403,0,6,0.13157894736842105,0.09979224376731302,0.1371191135734072,0.7277777777777779
81,1,6,0.12938596491228072,0.04158010156971377,0.13517428439519852,0.3076036374503694
40,1,6,0.12938596491228072,0.06928093259464453,0.13517428439519852,0.5125304188191097
459,0,6,0.1293859649122807,0.08881001846722068,0.1351742843951985,0.6570037996840714
213,1,6,0.1293859649122807,0.10044436749769159,0.1351742843951985,0.7430730478589421
416,0,6,0.1293859649122807,0.08146929824561402,0.1351742843951985,0.6026982026213551
97,1,6,0.12719298245614036,0.09312096029547551,0.1332179132040628,0.699012302893779
275,0,6,0.125,0.04375,0.13125,0.3333333333333333
100,1,6,0.125,0.05012119113573408,0.13125,0.38187574198654534
267,0,6,0.125,0.09375,0.13125,0.7142857142857143
236,1,6,0.1206140350877193,0.08728647276084951,0.12727954755309326,0.6857855361596011
49,1,6,0.12061403508771928,0.03991805170821792,0.12727954755309323,0.3136250283382454
25,1,6,0.11842105263157894,0.02548476454293629,0.1252770083102493,0.2034273079049199
159,1,6,0.11842105263157894,0.03185595567867036,0.1252770083102493,0.25428413488114987
184,1,6,0.11842105263157894,0.06135734072022161,0.1252770083102493,0.4897733554449973
334,0,6,0.11622807017543861,0.03285433979686057,0.12326292705447832,0.26653869563181787
123,1,6,0.11622807017543858,0.03867151431209603,0.12326292705447829,0.31373191628821573
490,0,6,0.11622807017543858,0.07399007386888273,0.12326292705447829,0.6002621845592022
387,0,6,0.11403508771929825,0.05066943674976916,0.12123730378578024,0.41793602437166794
497,0,6,0.11403508771929825,0.03958910433979686,0.12123730378578024,0.3265422696115765
342,0,6,0.11184210526315791,0.0715893351800554,0.11920013850415512,0.6005809731299928
82,1,6,0.1118421052631579,0.04291897506925207,0.11920013850415512,0.3600580973129992
253,0,6,0.1118421052631579,0.07505193905817174,0.11920013850415512,0.6296296296296297
212,1,6,0.1074561403508772,0.0597241458910434,0.11509118190212372,0.5189289475003761
268,0,6,0.1074561403508772,0.06928093259464448,0.11509118190212372,0.6019656019656018
399,0,6,0.10526315789473684,0.0412049861495845,0.11301939058171744,0.3645833333333335
12,1,6,0.10307017543859649,0.06055517082179131,0.11093605724838411,0.5458565260365187
437,0,6,0.10087719298245613,0.025115420129270545,0.10884118190212372,0.23075291622481445
15,1,6,0.10087719298245613,0.06105724838411819,0.10884118190212372,0.5609756097560976
120,1,6,0.10087719298245613,0.03439519852262235,0.10884118190212372,0.3160127253446448
128,1,6,0.0986842105263158,0.05538434903047094,0.1067347645429363,0.5188969991889701
72,1,6,0.09868421052631578,0.02297437673130194,0.10673476454293628,0.21524736415247367
333,0,6,0.09868421052631578,0.04416551246537396,0.10673476454293628,0.4137875101378751
34,1,6,0.09868421052631578,0.024220914127423825,0.10673476454293628,0.226926196269262
347,0,6,0.09649122807017545,0.02795475530932594,0.10461680517082181,0.2672109443954103
2,1,6,0.09649122807017545,0.02927054478301015,0.10461680517082181,0.2797881729920564
367,0,6,0.09649122807017545,0.05586334256694368,0.10461680517082181,0.5339805825242718
205,1,6,0.09649122807017545,0.05586334256694368,0.10461680517082181,0.5339805825242718
68,1,6,0.09649122807017545,0.05288550323176362,0.10461680517082181,0.5055163283318622
326,0,6,0.09429824561403509,0.05335295475530932,0.10248730378578025,0.5205811138014527
215,1,6,0.09429824561403509,0.04490420129270544,0.10248730378578025,0.43814403964187165
126,1,6,0.09429824561403509,0.05335295475530932,0.10248730378578025,0.5205811138014527
363,0,6,0.09429824561403509,0.024267082179132034,0.10248730378578025,0.23678135030125563
71,1,6,0.08991228070175439,0.016233841181902124,0.09819367497691597,0.16532471348809874
344,0,6,0.08991228070175439,0.037909741458910434,0.09819367497691597,0.3860711137231854
228,1,6,0.08771929824561404,0.02407663896583564,0.09602954755309326,0.25072115384615384
61,1,6,0.08771929824561404,0.02975530932594645,0.09602954755309326,0.3098557692307693
450,0,6,0.08552631578947369,0.019650277008310253,0.09385387811634349,0.20937096476664824
86,1,6,0.08552631578947369,0.04388850415512466,0.09385387811634349,0.4676258992805756
177,1,6,0.08552631578947369,0.017988227146814403,0.09385387811634349,0.19166205497140748
390,0,6,0.08552631578947369,0.032115650969529085,0.09385387811634349,0.3421877882309537
375,0,6,0.08333333333333333,0.03024007386888274,0.09166666666666666,0.32989171493326624
178,1,6,0.08333333333333333,0.04166666666666667,0.09166666666666666,0.45454545454545464
346,0,6,0.07894736842105264,0.019390581717451522,0.08725761772853187,0.22222222222222218
237,1,6,0.07894736842105264,0.03268698060941828,0.08725761772853187,0.3746031746031745
9,1,6,0.07894736842105263,0.037396121883656507,0.08725761772853186,0.42857142857142855
124,1,6,0.07675438596491228,0.01581832871652816,0.08503578024007387,0.18601968103155747
43,1,6,0.07675438596491228,0.03534741458910435,0.08503578024007387,0.4156769596199526
335,0,6,0.07456140350877193,0.03335641735918743,0.08280240073868882,0.4028436018957345
74,1,6,0.07456140350877193,0.021722068328716527,0.08280240073868882,0.2623362141064957
436,0,6,0.07456140350877193,0.033356417359187436,0.08280240073868882,0.4028436018957346
438,0,6,0.07017543859649122,0.009256694367497691,0.07830101569713759,0.1182193396226415
168,1,6,0.07017543859649122,0.019921514312096027,0.07830101569713759,0.2544221698113207
263,0,6,0.07017543859649122,0.012927054478301014,0.07830101569713759,0.16509433962264147
164,1,6,0.06798245614035088,0.027729686057248383,0.07603301015697136,0.3647058823529412
238,1,6,0.06359649122807018,0.024267082179132045,0.07146237303785781,0.33957845433255274
208,1,6,0.06359649122807018,0.024267082179132045,0.07146237303785781,0.33957845433255274
389,0,6,0.06359649122807016,0.020527469990766392,0.07146237303785778,0.28724864733909405
471,0,6,0.06140350877192982,0.014658356417359186,0.06915974145891043,0.21194926568758343
357,0,6,0.05921052631578947,0.021035318559556787,0.06684556786703601,0.3146853146853147
286,0,6,0.05921052631578947,0.007808171745152355,0.06684556786703601,0.11680911680911682
51,1,6,0.05921052631578947,0.008846952908587256,0.06684556786703601,0.13234913234913234
289,0,6,0.05701754385964913,0.019506001846722066,0.06451985226223454,0.30232558139534876
70,1,6,0.05701754385964911,0.007871652816251153,0.06451985226223453,0.12200357781753131
457,0,6,0.05043859649122807,0.007508079409048937,0.05747345337026777,0.1306356059845366
266,0,6,0.05043859649122807,0.015264312096029548,0.05747345337026777,0.2655889145496536
224,1,6,0.05043859649122807,0.015264312096029548,0.05747345337026777,0.2655889145496536
138,1,6,0.048245614035087724,0.012511542012927057,0.055101569713758076,0.2270632593213239
449,0,6,0.048245614035087724,0.011195752539242841,0.055101569713758076,0.20318391286133217
419,0,6,0.04605263157894737,0.012725069252077567,0.05271814404432134,0.24137931034482762
372,0,6,0.04605263157894737,0.012725069252077567,0.05271814404432134,0.24137931034482762
458,0,6,0.046052631578947366,0.0050380886426592796,0.052718144044321326,0.09556650246305419
406,0,6,0.046052631578947366,0.008015927977839336,0.052718144044321326,0.15205254515599345
310,0,6,0.046052631578947366,0.006907894736842104,0.052718144044321326,0.13103448275862067
325,0,6,0.046052631578947366,0.01009349030470914,0.052718144044321326,0.19146141215106732
116,1,6,0.043859649122807015,0.005724838411819021,0.05032317636195752,0.11376146788990828
64,1,6,0.041666666666666664,0.010416666666666668,0.04791666666666666,0.21739130434782614
182,1,6,0.041666666666666664,0.010416666666666668,0.04791666666666666,0.21739130434782614
37,1,6,0.03947368421052632,0.00817174515235457,0.04549861495844876,0.17960426179604258
445,0,6,0.039473684210526314,0.009349030470914127,0.04549861495844875,0.2054794520547945
392,0,6,0.039473684210526314,0.009349030470914128,0.04549861495844875,0.20547945205479456
305,0,6,0.03728070175438596,0.004183979686057248,0.04306902123730379,0.0971459198713654
27,1,6,0.03728070175438596,0.003491458910433979,0.04306902123730379,0.08106659520300145
173,1,6,0.03728070175438596,0.0062615420129270545,0.04306902123730379,0.1453838938764572
397,0,6,0.03728070175438596,0.008339104339796857,0.04306902123730379,0.1936218678815489
409,0,6,0.03508771929824561,0.006348107109879962,0.04062788550323176,0.15625
103,1,6,0.03508771929824561,0.007386888273314868,0.04062788550323176,0.18181818181818188
139,1,6,0.03508771929824561,0.007386888273314868,0.04062788550323176,0.18181818181818188
350,0,6,0.03508771929824561,0.006348107109879962,0.04062788550323176,0.15625
269,0,6,0.03289473684210526,0.003445290858725762,0.03817520775623268,0.09024943310657597
283,0,6,0.030701754385964914,0.003370267774699908,0.03571098799630656,0.09437621202327086
293,0,6,0.03070175438596491,0.005655586334256694,0.03571098799630656,0.1583710407239819
223,1,6,0.028508771929824563,0.0048765004616805165,0.03323522622345337,0.14672686230248308
90,1,6,0.028508771929824563,0.0048765004616805165,0.03323522622345337,0.14672686230248308
249,1,6,0.028508771929824563,0.0048765004616805165,0.03323522622345337,0.14672686230248308
42,1,6,0.028508771929824556,0.0015524007386888273,0.03323522622345337,0.046709498176766805
352,0,6,0.028508771929824556,0.004045475530932594,0.03323522622345337,0.12172252127105399
158,1,6,0.02631578947368421,0.0041551246537396115,0.030747922437673127,0.13513513513513511
440,0,6,0.02631578947368421,0.0041551246537396115,0.030747922437673127,0.13513513513513511
21,1,6,0.024122807017543862,0.0022449215143120955,0.028249076638965837,0.07946884576098057
402,0,6,0.024122807017543862,0.0027989381348107103,0.028249076638965837,0.09908069458631254
152,1,6,0.024122807017543862,0.00349145891043398,0.028249076638965837,0.12359550561797754
319,0,6,0.024122807017543862,0.00349145891043398,0.028249076638965837,0.12359550561797754
137,1,6,0.024122807017543862,0.001829409048938134,0.028249076638965837,0.06475995914198159
287,0,6,0.024122807017543862,0.0022449215143120955,0.028249076638965837,0.07946884576098057
216,1,6,0.021929824561403508,0.0017774699907663898,0.025738688827331487,0.06905829596412556
29,1,6,0.021929824561403508,0.0028855032317636198,0.025738688827331487,0.11210762331838565
331,0,6,0.021929824561403508,0.001431209602954755,0.025738688827331487,0.055605381165919274
341,0,6,0.021929824561403508,0.002262234533702678,0.025738688827331487,0.08789237668161436
50,1,6,0.021929824561403508,0.002262234533702678,0.025738688827331487,0.08789237668161436
427,0,6,0.021929824561403508,0.002262234533702678,0.025738688827331487,0.08789237668161436
432,0,6,0.021929824561403508,0.0017774699907663898,0.025738688827331487,0.06905829596412556
475,0,6,0.021929824561403508,0.0017774699907663898,0.025738688827331487,0.06905829596412556
125,1,6,0.019736842105263157,0.0023372576177285317,0.023216759002770083,0.10067114093959731
455,0,6,0.019736842105263157,0.0023372576177285317,0.023216759002770083,0.10067114093959731
96,1,6,0.019736842105263157,0.0023372576177285317,0.023216759002770083,0.10067114093959731
242,1,6,0.019736842105263157,0.0017832409972299162,0.023216759002770083,0.07680835197613718
376,0,6,0.017543859649122806,0.001015697137580794,0.020683287165281623,0.04910714285714286
322,0,6,0.017543859649122806,0.001846722068328717,0.020683287165281623,0.08928571428571432
360,0,6,0.015350877192982455,0.0009983841181902128,0.018138273314866112,0.05504295259306397
104,1,6,0.015350877192982455,0.0014138965835641735,0.018138273314866112,0.0779510022271715
57,1,6,0.013157894736842105,0.0006925207756232686,0.015581717451523544,0.04444444444444444
109,1,6,0.013157894736842105,0.001038781163434903,0.015581717451523544,0.06666666666666668
473,0,6,0.010964912280701754,0.0007213758079409047,0.013013619575253923,0.055432372505543226
477,0,6,0.010964912280701754,0.0007213758079409047,0.013013619575253923,0.055432372505543226
156,1,6,0.010964912280701754,0.0007213758079409049,0.013013619575253923,0.05543237250554325
140,1,6,0.010964912280701754,0.00030586334256694364,0.013013619575253923,0.02350332594235033
495,0,6,0.010964912280701754,0.0007213758079409048,0.013013619575253923,0.05543237250554324
24,1,6,0.010964912280701754,0.00044436749769159744,0.013013619575253923,0.03414634146341464
377,0,6,0.008771929824561403,0.00025392428439519846,0.010433979686057247,0.024336283185840704
336,0,6,0.008771929824561403,0.0004616805170821792,0.010433979686057247,0.04424778761061948
197,1,6,0.006578947368421052,0.0002596952908587258,0.007842797783933517,0.033112582781456956
142,1,6,0.006578947368421052,0.0002596952908587258,0.007842797783933517,0.033112582781456956
230,1,6,0.006578947368421052,0.0002596952908587257,0.007842797783933517,0.03311258278145695
239,1,6,0.006578947368421052,0.0002596952908587257,0.007842797783933517,0.03311258278145695
246,1,6,0.006578947368421052,0.0002596952908587258,0.007842797783933517,0.033112582781456956
424,0,6,0.006578947368421052,0.0002596952908587258,0.007842797783933517,0.033112582781456956
492,0,6,0.006578947368421052,0.0002596952908587258,0.007842797783933517,0.033112582781456956
498,0,6,0.006578947368421052,0.0002596952908587258,0.007842797783933517,0.033112582781456956
248,1,6,0.006578947368421052,0.0002596952908587258,0.007842797783933517,0.033112582781456956
244,1,6,0.006578947368421052,0.00012119113573407204,0.007842797783933517,0.015452538631346581
291,0,6,0.006578947368421052,0.0002596952908587258,0.007842797783933517,0.033112582781456956
127,1,6,0.006578947368421052,0.0002596952908587258,0.007842797783933517,0.033112582781456956
76,1,6,0.006578947368421052,0.0002596952908587258,0.007842797783933517,0.033112582781456956
55,1,6,0.006578947368421052,0.0002596952908587258,0.007842797783933517,0.033112582781456956
35,1,6,0.0043859649122807015,0.0001154201292705448,0.005240073868882733,0.02202643171806168
39,1,6,0.0043859649122807015,4.616805170821792e-05,0.005240073868882733,0.00881057268722467
207,1,6,0.0043859649122807015,0.0001154201292705448,0.005240073868882733,0.02202643171806168
479,0,6,0.0043859649122807015,0.0001154201292705448,0.005240073868882733,0.02202643171806168
290,0,6,0.0043859649122807015,4.616805170821792e-05,0.005240073868882733,0.00881057268722467
83,1,6,0.0043859649122807015,0.0001154201292705448,0.005240073868882733,0.02202643171806168
16,1,6,0.0043859649122807015,0.0001154201292705448,0.005240073868882733,0.02202643171806168
132,1,6,0.0043859649122807015,0.0001154201292705448,0.005240073868882733,0.02202643171806168
395,0,6,0.0043859649122807015,0.00011542012927054477,0.005240073868882733,0.02202643171806167
102,1,6,0.0043859649122807015,4.616805170821792e-05,0.005240073868882733,0.00881057268722467
210,1,6,0.0043859649122807015,0.0001154201292705448,0.005240073868882733,0.02202643171806168
429,0,6,0.0043859649122807015,0.00011542012927054479,0.005240073868882733,0.02202643171806168
323,0,6,0.0043859649122807015,0.00011542012927054477,0.005240073868882733,0.02202643171806167
339,0,6,0.0043859649122807015,4.616805170821791e-05,0.005240073868882733,0.00881057268722467
155,1,6,0.0043859649122807015,0.00011542012927054479,0.005240073868882733,0.02202643171806168
328,0,6,0.0043859649122807015,0.00011542012927054479,0.005240073868882733,0.02202643171806168
22,1,6,0.0021929824561403508,2.88550323176362e-05,0.0026258079409048935,0.010989010989010993
467,0,6,0.0021929824561403508,2.8855032317636198e-05,0.0026258079409048935,0.010989010989010992
53,1,6,0.0021929824561403508,2.88550323176362e-05,0.0026258079409048935,0.010989010989010993
332,0,6,0.0021929824561403508,2.885503231763619e-05,0.0026258079409048935,0.010989010989010988
209,1,6,0.0021929824561403508,2.88550323176362e-05,0.0026258079409048935,0.010989010989010993
274,0,6,0.0021929824561403508,2.88550323176362e-05,0.0026258079409048935,0.010989010989010993
114,1,6,0.0021929824561403508,2.88550323176362e-05,0.0026258079409048935,0.010989010989010993
351,0,6,0.0021929824561403508,2.8855032317636198e-05,0.0026258079409048935,0.010989010989010992
163,1,6,0.0021929824561403508,2.8855032317636198e-05,0.0026258079409048935,0.010989010989010992
311,0,6,0.0021929824561403508,2.8855032317636198e-05,0.0026258079409048935,0.010989010989010992
147,1,6,0.0021929824561403508,2.88550323176362e-05,0.0026258079409048935,0.010989010989010993
381,0,6,0.0021929824561403508,2.8855032317636198e-05,0.0026258079409048935,0.010989010989010992
23,1,6,0.0021929824561403508,2.88550323176362e-05,0.0026258079409048935,0.010989010989010993
41,1,6,0.0,0.0,0.0,
487,0,6,0.0,0.0,0.0,
485,0,6,0.0,0.0,0.0,
478,0,6,0.0,0.0,0.0,
36,1,6,0.0,0.0,0.0,
468,0,6,0.0,0.0,0.0,
474,0,6,0.0,0.0,0.0,
206,1,6,0.0,0.0,0.0,
488,0,6,0.0,0.0,0.0,
118,1,6,0.0,0.0,0.0,
295,0,6,0.0,0.0,0.0,
359,0,6,0.0,0.0,0.0,
166,1,6,0.0,0.0,0.0,
348,0,6,0.0,0.0,0.0,
354,0,6,0.0,0.0,0.0,
296,0,6,0.0,0.0,0.0,
162,1,6,0.0,0.0,0.0,
446,0,6,0.0,0.0,0.0,
442,0,6,0.0,0.0,0.0,
431,0,6,0.0,0.0,0.0,
448,0,6,0.0,0.0,0.0,
69,1,6,0.0,0.0,0.0,
54,1,6,0.0,0.0,0.0,
279,0,6,0.0,0.0,0.0,
278,0,6,0.0,0.0,0.0,
273,0,6,0.0,0.0,0.0,
272,0,6,0.0,0.0,0.0,
199,1,6,0.0,0.0,0.0,
202,1,6,0.0,0.0,0.0,
188,1,6,0.0,0.0,0.0,
190,1,6,0.0,0.0,0.0,
160,1,6,0.0,0.0,0.0,
151,1,6,0.0,0.0,0.0,
186,1,6,0.0,0.0,0.0,
179,1,6,0.0,0.0,0.0,
330,0,6,0.0,0.0,0.0,
324,0,6,0.0,0.0,0.0,
146,1,6,0.0,0.0,0.0,
150,1,6,0.0,0.0,0.0,
299,0,6,0.0,0.0,0.0,
301,0,6,0.0,0.0,0.0,
300,0,6,0.0,0.0,0.0,
321,0,6,0.0,0.0,0.0,
308,0,6,0.0,0.0,0.0,
434,0,6,0.0,0.0,0.0,
60,1,6,0.0,0.0,0.0,
338,0,6,0.0,0.0,0.0,
353,0,6,0.0,0.0,0.0,
80,1,6,0.0,0.0,0.0,
369,0,6,0.0,0.0,0.0,
135,1,6,0.0,0.0,0.0,
285,0,6,0.0,0.0,0.0,
383,0,6,0.0,0.0,0.0,
131,1,6,0.0,0.0,0.0,
281,0,6,0.0,0.0,0.0,
259,0,6,0.0,0.0,0.0,
256,0,6,0.0,0.0,0.0,
255,0,6,0.0,0.0,0.0,
254,0,6,0.0,0.0,0.0,
251,0,6,0.0,0.0,0.0,
233,1,6,0.0,0.0,0.0,
240,1,6,0.0,0.0,0.0,
241,1,6,0.0,0.0,0.0,
221,1,6,0.0,0.0,0.0,
222,1,6,0.0,0.0,0.0,
282,0,6,0.0,0.0,0.0,
106,1,6,0.0,0.0,0.0,
84,1,6,0.0,0.0,0.0,
176,1,6,0.0,0.0,0.0,
260,0,6,0.0,0.0,0.0,
262,0,6,0.0,0.0,0.0,
415,0,6,0.0,0.0,0.0,
413,0,6,0.0,0.0,0.0,
410,0,6,0.0,0.0,0.0,
407,0,6,0.0,0.0,0.0,
398,0,6,0.0,0.0,0.0,
404,0,6,0.0,0.0,0.0,
98,1,6,0.0,0.0,0.0,
425,0,6,0.0,0.0,0.0,
10,1,6,0.0,0.0,0.0,
28,1,6,0.0,0.0,0.0,
31,1,6,0.0,0.0,0.0,
32,1,6,0.0,0.0,0.0,
452,0,6,0.0,0.0,0.0,
46,1,6,0.0,0.0,0.0,
44,1,6,0.0,0.0,0.0,
1,1,6,0.0,0.0,0.0,
