model_a,model_b,n,raw_agreement,cohens_kappa,chi2_stat,chi2_p,phi,notes
Llama-3.1-8B-Instruct,Ministral-3-8B-Instruct-2512,500,0.868,0.6997379531227252,245.62928719977725,2.3298476876794733e-55,0.7008984051911906,
Falcon3-7B-Instruct,Qwen3-8B,500,0.824,0.6418629637467644,206.46781081255818,8.100649732925075e-47,0.642600670420687,
Olmo-3-7B-Instruct,Qwen3-8B,500,0.79,0.5825248894684946,171.48261177704677,3.510405722598309e-39,0.5856323279619163,
Llama-3.1-8B-Instruct,Olmo-3-7B-Instruct,500,0.792,0.5749411456970966,171.9444921214562,2.782811535098845e-39,0.5864204841603953,
Falcon3-7B-Instruct,Olmo-3-7B-Instruct,500,0.778,0.5624270711785297,168.41304205792224,1.6435511925224752e-38,0.5803671976566599,
Llama-3.1-8B-Instruct,Qwen3-8B,500,0.766,0.5433540450245105,168.69577699846076,1.4256997633692097e-38,0.5808541589735943,
Ministral-3-8B-Instruct-2512,Olmo-3-7B-Instruct,500,0.772,0.5301991296320717,157.21910800824892,4.584290421573009e-36,0.5607479077236917,
Falcon3-7B-Instruct,Llama-3.1-8B-Instruct,500,0.738,0.5058393940308417,162.07005476146728,3.9937777931569935e-37,0.5693330391984419,
Ministral-3-8B-Instruct-2512,Qwen3-8B,500,0.73,0.47789362952878933,145.2095129424868,1.9326643776529822e-33,0.5389053960436596,
Falcon3-7B-Instruct,Ministral-3-8B-Instruct-2512,500,0.69,0.4276387699034001,131.998918721412,1.4970070027805938e-30,0.5138071987066978,
Apertus-8B-Instruct,Falcon3-7B-Instruct,500,0.74,0.3979586166015227,108.73240760322591,1.8574280874767818e-25,0.4663312290705522,
Apertus-8B-Instruct,Qwen3-8B,500,0.688,0.3389046158018747,90.73552884271466,1.6421789210063458e-21,0.42599419912180647,
Apertus-8B-Instruct,Olmo-3-7B-Instruct,500,0.602,0.24052758525936552,55.86407824673175,7.765863030320307e-14,0.33425761994824216,
Apertus-8B-Instruct,Llama-3.1-8B-Instruct,500,0.518,0.1951428037083545,52.22591733112233,4.946890969833922e-13,0.3231900906003225,
Apertus-8B-Instruct,Ministral-3-8B-Instruct-2512,500,0.462,0.15444966932381132,40.15794609509396,2.3423677200662425e-10,0.2834005860794715,
