condition,pvq_value_label,n_items,n_high_steerability,proportion_high_steerability,overall_proportion_high_steerability,odds_ratio,p,p_fdr_bh
pvq,Stimulation,3,3,1.0,0.325,inf,0.02894736842105263,0.2894736842105263
pvq,Benevolence,4,0,0.0,0.325,0.0,0.284352773826458,0.766358463726885
pvq,Security,5,3,0.6,0.325,3.75,0.306543385490754,0.766358463726885
pvq,Conformity,4,0,0.0,0.325,0.0,0.284352773826458,0.766358463726885
pvq,Power,3,0,0.0,0.325,0.0,0.5381578947368421,0.9732100521574205
pvq,Achievement,4,2,0.5,0.325,2.272727272727273,0.5839260312944523,0.9732100521574205
pvq,Hedonism,3,1,0.3333333333333333,0.325,1.0416666666666667,1.0,1.0
pvq,Self-Direction,4,1,0.25,0.325,0.6666666666666666,1.0,1.0
pvq,Tradition,4,1,0.25,0.325,0.6666666666666666,1.0,1.0
pvq,Universalism,6,2,0.3333333333333333,0.325,1.0454545454545454,1.0,1.0
