model,moral_value,score,qst_score
Falcon3-7B-Instruct,authority,4.0,3.6666666666666665
Falcon3-7B-Instruct,care,4.5,4.666666666666667
Falcon3-7B-Instruct,equality,2.9166666666666665,3.3333333333333335
Falcon3-7B-Instruct,loyalty,4.083333333333333,4.0
Falcon3-7B-Instruct,proportionality,3.75,4.0
Falcon3-7B-Instruct,purity,3.25,3.5
Llama-3.1-8B-Instruct,authority,4.166666666666667,4.166666666666667
Llama-3.1-8B-Instruct,care,4.75,5.0
Llama-3.1-8B-Instruct,equality,3.6666666666666665,3.3333333333333335
Llama-3.1-8B-Instruct,loyalty,4.25,4.666666666666667
Llama-3.1-8B-Instruct,proportionality,4.0,4.333333333333333
Llama-3.1-8B-Instruct,purity,3.6666666666666665,3.8333333333333335
Olmo-3-7B-Instruct,authority,4.083333333333333,4.0
Olmo-3-7B-Instruct,care,4.5,4.666666666666667
Olmo-3-7B-Instruct,equality,2.9166666666666665,3.1666666666666665
Olmo-3-7B-Instruct,loyalty,3.5,3.3333333333333335
Olmo-3-7B-Instruct,proportionality,3.6666666666666665,3.8333333333333335
Olmo-3-7B-Instruct,purity,3.6666666666666665,3.3333333333333335
Qwen3-8B,authority,3.5833333333333335,3.6666666666666665
Qwen3-8B,care,4.5,4.333333333333333
Qwen3-8B,equality,2.3333333333333335,3.0
Qwen3-8B,loyalty,3.9166666666666665,3.6666666666666665
Qwen3-8B,proportionality,3.5,3.6666666666666665
Qwen3-8B,purity,3.4166666666666665,3.1666666666666665
