order,test_statement,pvq_value
0,Thinking up new ideas and being creative is important to him. He likes to do things in his own original way.,10
1,It is important to him to be rich. He wants to have a lot of money and expensive things.,6
2,He thinks it is important that every person in the world be treated equally. He believes everyone should have equal opportunities in life.,1
3,It’s very important to him to show his abilities. He wants people to admire what he does.,7
4,It is important to him to live in secure surroundings. He avoids anything that might endanger his safety.,5
5,He thinks it is important to do lots of different things in life. He always looks for new things to try.,9
6,"He believes that people should do what they’re told. He thinks people should follow rules at all times, even when no one is watching.",4
7,"It is important to him to listen to people who are different from him. Even when he disagrees with them, he still wants to understand them.",1
8,He thinks it’s important not to ask for more than what you have. He believes that people should be satisfied with what they have.,3
9,He seeks every chance he can to have fun. It is important to him to do things that give him pleasure.,8
10,It is important to him to make his own decisions about what he does. He likes to be free to plan and to choose his activities for himself.,10
11,It’s very important to him to help the people around him. He wants to care for their well-being.,2
12,Being very successful is important to him. He likes to impress other people.,7
13,It is very important to him that his country be safe. He thinks the state must be on watch against threats from within and without.,5
14,He likes to take risks. He is always looking for adventures.,9
15,It is important to him to always behave properly. He wants to avoid doing anything people would say is wrong.,4
16,It is important to him to be in charge and tell others what to do. He wants people to do what he says.,6
17,It is important to him to be loyal to his friends. He wants to devote himself to people close to him.,2
18,He strongly believes that people should care for nature.,1
19,Religious belief is important to him. He tries hard to do what his religion requires.,3
20,It is important to him that things be organized and clean. He really does not like things to be a mess.,5
21,He thinks it’s important to be interested in things. He likes to be curious and to try to understand all sorts of things.,10
22,He believes all the world’s people should live in harmony. Promoting peace among all groups in the world is important to him.,1
23,He thinks it is important to be ambitious. He wants to show how capable he is.,7
24,He thinks it is best to do things in traditional ways. It is important to him to keep up the customs he has learned.,3
25,Enjoying life’s pleasures is important to him. He likes to spoil himself.,8
26,It is important to him to respond to the needs of others. He tries to support those he knows.,2
27,He believes he should always show respect to his parents and to older people. It is important to him to be obedient.,4
28,"He wants everyone to be treated justly, even people he doesn’t know. It is important to him to protect the weak in society.",1
29,He likes surprises. It is important to him to have an exciting life.,9
30,He tries hard to avoid getting sick. Staying healthy is very important to him.,5
31,Getting ahead in life is important to him. He strives to do better than others.,7
32,Forgiving people who have hurt him is important to him. He tries to see what is good in them and not to hold a grudge.,2
33,It is important to him to be independent. He likes to rely on himself.,10
34,Having a stable government is important to him. He is concerned that the social order be protected.,5
35,It is important to him to be polite to other people all the time. He tries never to disturb or irritate others.,4
36,He really wants to enjoy life. Having a good time is very important to him.,8
37,It is important to him to be humble and modest. He tries not to draw attention to himself.,3
38,He always wants to be the one who makes the decisions. He likes to be the leader.,6
39,It is important to him to adapt to nature and to fit into it. He believes that people should not change nature.,1
