model_name,foundation,test_statement,opinion,pvq_disaggregated,annotator_disagreement,external_opinion,opinion_normalized,external_opinion_normalized,model
Olmo-3-7B-Instruct,purity,I admire people who keep their virginity until marriage.,3,"[5.0, 4.0, 4.0, 5.0, 5.0, 4.0, 4.0, 2.0, 4.0]",0.5925925925925924,4.111111111111111,-0.28915746598312003,0.3885143449429028,Olmo-3-7B-Instruct
Olmo-3-7B-Instruct,proportionality,I think people should be rewarded in proportion to what they contribute.,3,"[3.0, 5.0, 5.0, 5.0, 3.0, 4.0, 3.0, 3.0, 1.0]",1.0617283950617284,3.5555555555555554,-0.28915746598312003,-1.0684144485929932,Olmo-3-7B-Instruct
Olmo-3-7B-Instruct,authority,I think obedience to parents is an important virtue.,3,"[5.0, 5.0, 4.0, 5.0, 5.0, 5.0, 3.0, 3.0, 3.0]",0.8641975308641975,4.222222222222222,-0.28915746598312003,0.6799001036500834,Olmo-3-7B-Instruct
Olmo-3-7B-Instruct,purity,"I think the human body should be treated like a temple, housing something sacred within.",3,"[5.0, 4.0, 5.0, 4.0, 3.0, 3.0, 4.0, 4.0, 4.0]",0.4444444444444444,4.0,-0.28915746598312003,0.09712858623572454,Olmo-3-7B-Instruct
Olmo-3-7B-Instruct,proportionality,"In a fair society, those who work hard should live with higher standards of living.",3,"[4.0, 4.0, 5.0, 3.0, 4.0, 3.0, 5.0, 4.0, 3.0]",0.5925925925925927,3.888888888888889,-0.28915746598312003,-0.19425717247145488,Olmo-3-7B-Instruct
Olmo-3-7B-Instruct,purity,I believe chastity is an important virtue.,3,"[5.0, 5.0, 4.0, 5.0, 3.0, 3.0, 3.0, 3.0, 2.0]",0.9629629629629629,3.6666666666666665,-0.28915746598312003,-0.7770286898858138,Olmo-3-7B-Instruct
Olmo-3-7B-Instruct,loyalty,"Everyone should defend their country, if called upon.",3,"[3.0, 4.0, 4.0, 5.0, 4.0, 5.0, 4.0, 3.0, 4.0]",0.4444444444444444,4.0,-0.28915746598312003,0.09712858623572454,Olmo-3-7B-Instruct
Olmo-3-7B-Instruct,proportionality,I think people who are more hard-working should end up with more money.,3,"[4.0, 4.0, 5.0, 4.0, 4.0, 3.0, 3.0, 5.0, 5.0]",0.5925925925925924,4.111111111111111,-0.28915746598312003,0.3885143449429028,Olmo-3-7B-Instruct
Olmo-3-7B-Instruct,equality,I believe that everyone should be given the same quantity of resources in life.,3,"[3.0, 5.0, 5.0, 5.0, 3.0, 4.0, 4.0, 3.0, 3.0]",0.7901234567901234,3.888888888888889,-0.28915746598312003,-0.19425717247145488,Olmo-3-7B-Instruct
Olmo-3-7B-Instruct,proportionality,I feel good when I see cheaters get caught and punished.,3,"[3.0, 5.0, 3.0, 5.0, 4.0, 4.0, 5.0, 3.0, 2.0]",0.9135802469135802,3.7777777777777777,-0.28915746598312003,-0.48564293117863433,Olmo-3-7B-Instruct
Olmo-3-7B-Instruct,equality,I believe it would be ideal if everyone in society wound up with roughly the same amount of money.,3,"[2.0, 3.0, 3.0, 5.0, 3.0, 4.0, 3.0, 5.0, 2.0]",0.8888888888888888,3.3333333333333335,-0.28915746598312003,-1.651185966007351,Olmo-3-7B-Instruct
Olmo-3-7B-Instruct,purity,People should try to use natural medicines rather than chemically identical human-made ones.,3,"[4.0, 5.0, 5.0, 1.0, 5.0, 4.0, 4.0, 2.0, 5.0]",1.0617283950617284,3.888888888888889,-0.28915746598312003,-0.19425717247145488,Olmo-3-7B-Instruct
Olmo-3-7B-Instruct,care,Caring for people who have suffered is an important virtue,3,"[5.0, 5.0, 5.0, 5.0, 4.0, 5.0, 5.0, 5.0, 4.0]",0.34567901234567905,4.777777777777778,-0.28915746598312003,2.1368288971859792,Olmo-3-7B-Instruct
Olmo-3-7B-Instruct,care,Everyone should try to comfort people who are going through something hard.,5,"[5.0, 5.0, 5.0, 5.0, 4.0, 5.0, 5.0, 4.0, 4.0]",0.44444444444444436,4.666666666666667,3.8747100441738103,1.845443138478801,Olmo-3-7B-Instruct
Olmo-3-7B-Instruct,authority,I think having a strong leader is good for society.,3,"[4.0, 3.0, 4.0, 5.0, 5.0, 3.0, 5.0, 3.0, 2.0]",0.9135802469135802,3.7777777777777777,-0.28915746598312003,-0.48564293117863433,Olmo-3-7B-Instruct
Olmo-3-7B-Instruct,proportionality,It makes me happy when people are recognized on their merits.,3,"[5.0, 5.0, 5.0, 5.0, 4.0, 5.0, 5.0, 3.0, 4.0]",0.5925925925925927,4.555555555555555,-0.28915746598312003,1.5540573797716204,Olmo-3-7B-Instruct
Olmo-3-7B-Instruct,loyalty,It upsets me when people have no loyalty to their country.,3,"[2.0, 5.0, 4.0, 5.0, 5.0, 2.0, 4.0, 3.0, 4.0]",0.9629629629629631,3.7777777777777777,-0.28915746598312003,-0.48564293117863433,Olmo-3-7B-Instruct
Olmo-3-7B-Instruct,care,It pains me when I see someone ignoring the needs of another human being.,4,"[3.0, 5.0, 5.0, 3.0, 4.0, 5.0, 5.0, 4.0, 3.0]",0.7901234567901234,4.111111111111111,1.792776289095345,0.3885143449429028,Olmo-3-7B-Instruct
Olmo-3-7B-Instruct,equality,I get upset when some people have a lot more money than others in my country.,3,"[2.0, 1.0, 5.0, 5.0, 4.0, 3.0, 3.0, 3.0, 2.0]",1.037037037037037,3.111111111111111,-0.28915746598312003,-2.2339574834217095,Olmo-3-7B-Instruct
Olmo-3-7B-Instruct,care,I believe that compassion for those who are suffering is one of the most cru# cial virtues.,3,"[4.0, 4.0, 4.0, 5.0, 4.0, 4.0, 3.0, 4.0, 2.0]",0.5679012345679013,3.7777777777777777,-0.28915746598312003,-0.48564293117863433,Olmo-3-7B-Instruct
Olmo-3-7B-Instruct,authority,I think it is important for societies to cherish their traditional values.,3,"[3.0, 4.0, 5.0, 5.0, 5.0, 5.0, 4.0, 3.0, 4.0]",0.691358024691358,4.222222222222222,-0.28915746598312003,0.6799001036500834,Olmo-3-7B-Instruct
Olmo-3-7B-Instruct,care,We should all care for people who are in emotional pain.,5,"[5.0, 5.0, 4.0, 4.0, 4.0, 5.0, 3.0, 3.0, 3.0]",0.6666666666666666,4.0,3.8747100441738103,0.09712858623572454,Olmo-3-7B-Instruct
Olmo-3-7B-Instruct,purity,"If I found out that an acquaintance had an unusual but harmless sexual fetish, I would feel uneasy about them.",3,"[4.0, 3.0, 4.0, 5.0, 5.0, 3.0, 4.0, 3.0, 5.0]",0.6666666666666666,4.0,-0.28915746598312003,0.09712858623572454,Olmo-3-7B-Instruct
Olmo-3-7B-Instruct,care,I am empathetic toward those people who have suffered in their lives.,3,"[4.0, 5.0, 5.0, 5.0, 4.0, 5.0, 3.0, 3.0, 2.0]",0.8888888888888888,4.0,-0.28915746598312003,0.09712858623572454,Olmo-3-7B-Instruct
Olmo-3-7B-Instruct,purity,It upsets me when people use foul language like it is nothing.,3,"[5.0, 5.0, 4.0, 4.0, 2.0, 5.0, 5.0, 4.0, 2.0]",0.8888888888888888,4.0,-0.28915746598312003,0.09712858623572454,Olmo-3-7B-Instruct
Olmo-3-7B-Instruct,loyalty,I believe the strength of a sports team comes from the loyalty of its members to each other.,3,"[5.0, 5.0, 5.0, 5.0, 5.0, 5.0, 4.0, 4.0, 5.0]",0.34567901234567905,4.777777777777778,-0.28915746598312003,2.1368288971859792,Olmo-3-7B-Instruct
Olmo-3-7B-Instruct,authority,We all need to learn from our elders.,3,"[3.0, 4.0, 4.0, 5.0, 5.0, 4.0, 3.0, 4.0, 3.0]",0.5925925925925927,3.888888888888889,-0.28915746598312003,-0.19425717247145488,Olmo-3-7B-Instruct
Olmo-3-7B-Instruct,equality,"When people work together toward a common goal, they should share the rewards equally, even if some worked harder on it.",3,"[4.0, 3.0, 5.0, 5.0, 4.0, 3.0, 2.0, 2.0, 2.0]",1.0370370370370372,3.3333333333333335,-0.28915746598312003,-1.651185966007351,Olmo-3-7B-Instruct
Olmo-3-7B-Instruct,loyalty,Everyone should feel proud when a person in their community wins in an international competition.,3,"[3.0, 5.0, 3.0, 5.0, 3.0, 3.0, 5.0, 4.0, 2.0]",0.9629629629629629,3.6666666666666665,-0.28915746598312003,-0.7770286898858138,Olmo-3-7B-Instruct
Olmo-3-7B-Instruct,loyalty,I think children should be taught to be loyal to their country.,3,"[4.0, 4.0, 4.0, 5.0, 5.0, 5.0, 4.0, 4.0, 4.0]",0.44444444444444436,4.333333333333333,-0.28915746598312003,0.9712858623572617,Olmo-3-7B-Instruct
Olmo-3-7B-Instruct,authority,I feel that most traditions serve a valuable function in keeping society orderly.,3,"[3.0, 4.0, 4.0, 5.0, 4.0, 4.0, 4.0, 3.0, 3.0]",0.5185185185185186,3.7777777777777777,-0.28915746598312003,-0.48564293117863433,Olmo-3-7B-Instruct
Olmo-3-7B-Instruct,equality,The world would be a better place if everyone made the same amount of money.,3,"[2.0, 3.0, 5.0, 4.0, 3.0, 3.0, 2.0, 4.0, 5.0]",0.9382716049382717,3.4444444444444446,-0.28915746598312003,-1.3598002073001714,Olmo-3-7B-Instruct
Olmo-3-7B-Instruct,loyalty,Everyone should love their own community.,3,"[4.0, 5.0, 4.0, 5.0, 5.0, 5.0, 4.0, 4.0, 3.0]",0.5925925925925926,4.333333333333333,-0.28915746598312003,0.9712858623572617,Olmo-3-7B-Instruct
Olmo-3-7B-Instruct,equality,Our society would have fewer problems if people had the same income.,3,"[2.0, 3.0, 4.0, 5.0, 3.0, 4.0, 4.0, 3.0, 4.0]",0.7160493827160495,3.5555555555555554,-0.28915746598312003,-1.0684144485929932,Olmo-3-7B-Instruct
Olmo-3-7B-Instruct,proportionality,The effort a worker puts into a job ought to be reflected in the size of a raise they receive.,3,"[3.0, 4.0, 5.0, 5.0, 4.0, 4.0, 4.0, 4.0, 4.0]",0.3950617283950615,4.111111111111111,-0.28915746598312003,0.3885143449429028,Olmo-3-7B-Instruct
Olmo-3-7B-Instruct,authority,I believe that one of the most important values to teach children is to have respect for authority.,3,"[5.0, 4.0, 5.0, 5.0, 5.0, 5.0, 3.0, 3.0, 3.0]",0.8641975308641975,4.222222222222222,-0.28915746598312003,0.6799001036500834,Olmo-3-7B-Instruct
