model_a,model_b,column,n_a,n_b,u_stat,p,rank_biserial_r,notes
Apertus-8B-Instruct,Falcon3-7B-Instruct,external_opinion_normalized,40,40,825.0,0.8134678112146995,-0.03125,
Apertus-8B-Instruct,Llama-3.1-8B-Instruct,external_opinion_normalized,40,40,806.0,0.9577562683911597,-0.007500000000000062,
Apertus-8B-Instruct,Ministral-3-8B-Instruct,external_opinion_normalized,40,40,811.0,0.9194510503011781,-0.013749999999999929,
Apertus-8B-Instruct,Ministral-3-8B-Instruct-2512,external_opinion_normalized,40,0,,,,fewer than 3 valid observations in at least one group
Apertus-8B-Instruct,Olmo-3-7B-Instruct,external_opinion_normalized,40,40,792.0,0.9424258070528165,0.010000000000000009,
Apertus-8B-Instruct,Qwen3-8B,external_opinion_normalized,40,40,800.0,1.0,0.0,
Falcon3-7B-Instruct,Llama-3.1-8B-Instruct,external_opinion_normalized,40,40,798.0,0.9884723035895573,0.0024999999999999467,
Falcon3-7B-Instruct,Ministral-3-8B-Instruct,external_opinion_normalized,40,40,772.0,0.7910936846511701,0.03500000000000003,
Falcon3-7B-Instruct,Ministral-3-8B-Instruct-2512,external_opinion_normalized,40,0,,,,fewer than 3 valid observations in at least one group
Falcon3-7B-Instruct,Olmo-3-7B-Instruct,external_opinion_normalized,40,40,772.0,0.791124834591591,0.03500000000000003,
Falcon3-7B-Instruct,Qwen3-8B,external_opinion_normalized,40,40,785.0,0.888954709288484,0.018750000000000044,
Llama-3.1-8B-Instruct,Ministral-3-8B-Instruct,external_opinion_normalized,40,40,762.0,0.7179390643589262,0.04749999999999999,
Llama-3.1-8B-Instruct,Ministral-3-8B-Instruct-2512,external_opinion_normalized,40,0,,,,fewer than 3 valid observations in at least one group
Llama-3.1-8B-Instruct,Olmo-3-7B-Instruct,external_opinion_normalized,40,40,776.0,0.8209474374305243,0.030000000000000027,
Llama-3.1-8B-Instruct,Qwen3-8B,external_opinion_normalized,40,40,808.0,0.9424261443553706,-0.010000000000000009,
Ministral-3-8B-Instruct,Ministral-3-8B-Instruct-2512,external_opinion_normalized,40,0,,,,fewer than 3 valid observations in at least one group
Ministral-3-8B-Instruct,Olmo-3-7B-Instruct,external_opinion_normalized,40,40,805.0,0.9654305910489929,-0.006250000000000089,
Ministral-3-8B-Instruct,Qwen3-8B,external_opinion_normalized,40,40,804.0,0.9731134591242673,-0.004999999999999893,
Ministral-3-8B-Instruct-2512,Olmo-3-7B-Instruct,external_opinion_normalized,0,40,,,,fewer than 3 valid observations in at least one group
Ministral-3-8B-Instruct-2512,Qwen3-8B,external_opinion_normalized,0,40,,,,fewer than 3 valid observations in at least one group
Olmo-3-7B-Instruct,Qwen3-8B,external_opinion_normalized,40,40,781.0,0.8586281483954623,0.02375000000000005,
