condition,belief_id,mean_kappa_between_models,mean_raw_agreement_between_models,n_pairs
mft,0,0.42949259326958505,0.6965333333333332,15
mft,1,0.41713561407106586,0.6937333333333334,15
mft,2,0.4538634364366208,0.7152000000000001,15
mft,3,0.4246617035509692,0.696,15
mft,4,0.4397930251548096,0.7110666666666667,15
mft,5,0.43552170039993016,0.7054666666666667,15
mft,6,0.48581220289496785,0.7438666666666667,15
mft,7,0.48630439498458256,0.7449333333333334,15
mft,8,0.4737578580201061,0.7384000000000001,15
mft,9,0.4698806661346295,0.7302666666666667,15
mft,10,0.4543815422256217,0.7266666666666667,15
mft,11,0.48592207502850765,0.7419999999999999,15
mft,12,0.4423107306829945,0.706,15
mft,13,0.496685879452024,0.7438666666666668,15
mft,14,0.4329093667538394,0.7109333333333333,15
mft,15,0.4300352472857071,0.7032,15
mft,16,0.4415120520447432,0.7114666666666667,15
mft,17,0.41934790341183564,0.6897333333333332,15
mft,18,0.42041556881227643,0.6962666666666666,15
mft,19,0.4357025173541388,0.7030666666666666,15
mft,20,0.46775166702376225,0.732,15
mft,21,0.44222958000649626,0.7100000000000001,15
mft,22,0.47096540589245334,0.7406666666666666,15
mft,23,0.47956963215136056,0.7473333333333333,15
mft,24,0.4374211214859888,0.7106666666666667,15
mft,25,0.4147878236915242,0.6888000000000001,15
mft,26,0.4454251196545441,0.7106666666666667,15
mft,27,0.42692515846020246,0.7,15
mft,28,0.4543187954140232,0.7257333333333332,15
mft,29,0.4385629533527287,0.7110666666666667,15
mft,30,0.41545966468826695,0.6829333333333333,15
mft,31,0.4358134105926425,0.7033333333333334,15
mft,32,0.4939513179397329,0.7384,15
mft,33,0.4831783753865303,0.7330666666666666,15
mft,34,0.4733091097362567,0.7306666666666667,15
mft,35,0.43317633351343077,0.6972,15
pvq,0,0.4777130976304281,0.7324000000000002,15
pvq,1,0.4277938346447327,0.6917333333333333,15
pvq,2,0.472990112989154,0.7281333333333335,15
pvq,3,0.46912725290339513,0.7265333333333334,15
pvq,4,0.4760379764148038,0.7257333333333335,15
pvq,5,0.4892958362444427,0.7432000000000002,15
pvq,6,0.43876410090451806,0.6997333333333333,15
pvq,7,0.44827517864645344,0.7109333333333333,15
pvq,8,0.45937638147985677,0.7202666666666667,15
pvq,9,0.47358331428636447,0.7252,15
pvq,10,0.46834350061046737,0.7233333333333334,15
pvq,11,0.47328882497731206,0.7286666666666666,15
pvq,12,0.47785813563796903,0.7297333333333333,15
pvq,13,0.43454723697614167,0.7057333333333332,15
pvq,14,0.48379102449248607,0.7332,15
pvq,15,0.46959333711164325,0.7226666666666667,15
pvq,16,0.4687338347725073,0.7196,15
pvq,17,0.4766408431558211,0.7277333333333333,15
pvq,18,0.5161846122764489,0.7552,15
pvq,19,0.47399126838109534,0.7255999999999999,15
pvq,20,0.4679600467225154,0.7236000000000001,15
pvq,21,0.4559092998415191,0.7166666666666668,15
pvq,22,0.4809441992484481,0.7349333333333334,15
pvq,23,0.48291013569371266,0.7333333333333333,15
pvq,24,0.4677209360345351,0.7252,15
pvq,25,0.4714686512631768,0.7268000000000001,15
pvq,26,0.48174396763063754,0.7330666666666665,15
pvq,27,0.47356956575833603,0.7250666666666667,15
pvq,28,0.46131715411887175,0.7210666666666667,15
pvq,29,0.4695044267839023,0.7245333333333333,15
pvq,30,0.4572470013411104,0.7178666666666668,15
pvq,31,0.4623778871517412,0.7227999999999999,15
pvq,32,0.48361831783743514,0.7310666666666668,15
pvq,33,0.47070261293324106,0.7229333333333334,15
pvq,34,0.4798780412891114,0.7329333333333334,15
pvq,35,0.44620949813083777,0.7102666666666665,15
pvq,36,0.45732157523201145,0.7158666666666668,15
pvq,37,0.4526239587546822,0.7129333333333333,15
pvq,38,0.47766270621868684,0.7260000000000001,15
pvq,39,0.47962165271636154,0.7322666666666665,15
