QUESTNNR,model,demographic,metric,n_same_pairs,n_diff_pairs,median_same,median_diff,u_stat,p,rank_biserial_r,notes
base,Qwen3-8B,Gender,pearson_r,9,27,0.03621034121889508,0.13746434980705374,96.0,0.36107021430164277,0.2098765432098766,
base,Qwen3-8B,Gender,neg_mad,9,27,-0.9166666666666666,-1.0277777777777777,113.0,0.7696949107597229,0.06995884773662553,
base,Qwen3-8B,continent,pearson_r,9,27,0.1397713115629224,0.11514154661795954,152.0,0.2730817290026436,-0.2510288065843622,
base,Qwen3-8B,continent,neg_mad,9,27,-0.7777777777777778,-1.0833333333333333,177.5,0.04224286838983779,-0.4609053497942386,
qnr2,Llama-3.1-8B-Instruct,Gender,pearson_r,9,27,0.3546784852694949,0.23403172645119072,133.0,0.6877839774703822,-0.09465020576131677,
qnr2,Llama-3.1-8B-Instruct,Gender,neg_mad,9,27,-1.1111111111111112,-1.25,129.5,0.7838823835703771,-0.06584362139917688,
qnr2,Llama-3.1-8B-Instruct,continent,pearson_r,9,27,0.2483645774388159,0.23403172645119072,119.0,0.941753425039241,0.020576131687242816,
qnr2,Llama-3.1-8B-Instruct,continent,neg_mad,9,27,-1.0833333333333333,-1.25,129.0,0.797967082642027,-0.06172839506172845,
qnr3,Olmo-3-7B-Instruct,Gender,pearson_r,9,27,0.05748836743627445,0.06614862278202785,108.0,0.6348365769902251,0.11111111111111116,
qnr3,Olmo-3-7B-Instruct,Gender,neg_mad,9,27,-1.0277777777777777,-0.9722222222222222,114.0,0.7978139814718627,0.06172839506172845,
qnr3,Olmo-3-7B-Instruct,continent,pearson_r,9,27,0.06614862278202785,0.062151670245523066,108.0,0.6348365769902251,0.11111111111111116,
qnr3,Olmo-3-7B-Instruct,continent,neg_mad,9,27,-0.9722222222222222,-0.9722222222222222,149.5,0.31421810177168863,-0.2304526748971194,
qnr4,Ministral-3-8B-Instruct,Gender,pearson_r,9,27,0.23964591181367906,0.10752066611409408,129.0,0.7981579710016685,-0.06172839506172845,
qnr4,Ministral-3-8B-Instruct,Gender,neg_mad,9,27,-0.9444444444444444,-1.0555555555555556,138.0,0.5584332595106243,-0.1358024691358024,
qnr4,Ministral-3-8B-Instruct,continent,pearson_r,9,27,0.34714252135759927,0.16523847695440555,169.0,0.0859689241485074,-0.3909465020576133,
qnr4,Ministral-3-8B-Instruct,continent,neg_mad,9,27,-0.9166666666666666,-1.0555555555555556,150.5,0.2972566347410768,-0.23868312757201648,
qnr5,Falcon3-7B-Instruct,Gender,pearson_r,9,27,0.2514501768009678,0.07904269230318568,126.0,0.8838168432762799,-0.03703703703703698,
qnr5,Falcon3-7B-Instruct,Gender,neg_mad,9,27,-1.1111111111111112,-1.1111111111111112,110.5,0.7008365609626446,0.09053497942386834,
qnr5,Falcon3-7B-Instruct,continent,pearson_r,9,27,0.09182622582426501,0.07904269230318568,124.0,0.941753425039241,-0.020576131687242816,
qnr5,Falcon3-7B-Instruct,continent,neg_mad,9,27,-1.1388888888888888,-1.1111111111111112,104.0,0.5339259296972059,0.1440329218106996,
qnr6,Apertus-8B-Instruct,Gender,pearson_r,9,27,0.15035670759371886,0.14360137138010548,136.0,0.6090265291291659,-0.11934156378600824,
qnr6,Apertus-8B-Instruct,Gender,neg_mad,9,27,-1.3611111111111112,-1.25,107.0,0.6084723758964132,0.11934156378600824,
qnr6,Apertus-8B-Instruct,continent,pearson_r,9,27,0.1413511770293258,0.1438547289901868,132.0,0.7148642787191519,-0.08641975308641969,
qnr6,Apertus-8B-Instruct,continent,neg_mad,9,27,-1.1666666666666667,-1.3611111111111112,171.5,0.07011172020192365,-0.41152263374485587,
ALL,ALL (pooled),Gender,pearson_r,54,162,0.15447116542515682,0.13981436483808066,4409.0,0.930877220920319,-0.008001828989483206,
ALL,ALL (pooled),Gender,neg_mad,54,162,-1.1111111111111112,-1.0833333333333333,4242.0,0.7407859656794812,0.03017832647462282,
ALL,ALL (pooled),continent,pearson_r,54,162,0.11439710488535185,0.1465714260024552,4821.0,0.2616043464320993,-0.10219478737997267,
ALL,ALL (pooled),continent,neg_mad,54,162,-1.0277777777777777,-1.1111111111111112,5234.0,0.030600292585860934,-0.19661636945587557,
