item,n_annotators,pearson_r,pearson_p,spearman_r,spearman_p,notes
PV_01,54,0.3196883672622183,0.01845017105729458,0.37207578715775613,0.005598009355660102,
PV_02,54,-0.0912487670832337,0.5116825529538664,-0.12129753643766165,0.38226693498715536,
PV_03,54,0.2985359553030683,0.02832755108359101,0.38233917291533653,0.0043289361704142585,
PV_04,54,0.007567596754556539,0.9566883564448638,0.06320256574787875,0.6498078841571161,
PV_05,54,0.3780955454118084,0.0048191651054615816,0.32093806131574276,0.017972301252443985,
PV_06,54,0.29486417526660225,0.030427853851253468,0.37079600548323016,0.005777122923441522,
PV_07,54,-0.05119803403323895,0.7131229076337678,-0.045021927553810515,0.7464946351067979,
PV_08,54,0.572294824636564,6.1468048553953455e-06,0.5123160588564085,7.487305433844477e-05,
PV_09,54,0.2943150188964922,0.030752866542674933,0.20987374290533126,0.12771267724286256,
PV_10,54,0.45247558204204663,0.0005922118283936017,0.4202455526310896,0.001557290790951908,
PV_11,54,0.3497930759145928,0.009520611009338396,0.4210889187144184,0.0015201895263427536,
PV_12,54,0.42361776816339697,0.0014136312280758508,0.3637497521759511,0.006855920567998597,
PV_13,54,-0.04840667858558574,0.7281439522070278,-0.03759659092024594,0.7872308582830638,
PV_14,54,0.3847330455957305,0.004072220289414591,0.43099351189349083,0.0011399518574413572,
PV_15,54,0.40820709169159186,0.002182546526524811,0.3947039428227543,0.0031414997243799023,
PV_16,54,0.1578399706189379,0.25432581557333755,0.1960205694323732,0.1554418538091348,
PV_17,54,-0.06532473164416563,0.638850719091218,0.017031656510098886,0.9027114129271706,
PV_18,54,0.4062730058103638,0.0023015447072109274,0.42218886081005,0.0014729891274713742,
PV_19,54,0.3835898822029148,0.0041930886804569184,0.37992367496922447,0.004602299800191573,
PV_20,54,0.17255142408650018,0.21213985315100098,0.16212523913636903,0.24149275341651888,
PV_21,54,0.47469110555393057,0.00028716239000768526,0.5106202061765086,7.982294684274354e-05,
PV_22,54,0.48117869159432314,0.00023026558617871698,0.4716520223125895,0.0003179799468918044,
PV_23,54,0.4578289120956388,0.0004996471594632318,0.38449075138115624,0.004097578947393025,
PV_24,54,0.3618263650071983,0.007179328332114191,0.36138449278641493,0.007255477183683973,
PV_25,54,0.1031999487289978,0.45772206403103,0.13878862093953712,0.3168876466481024,
PV_26,54,0.5782321945424086,4.6699052055969855e-06,0.5738093029719578,5.733627238907843e-06,
PV_27,54,0.5347712403711127,3.104013624231073e-05,0.5064844321533855,9.317908680604706e-05,
PV_28,54,0.5137807707241183,7.082623449068077e-05,0.4492607817437515,0.0006549821027303263,
PV_29,54,0.4990987389803459,0.00012223146217286236,0.47261086527846596,0.0003079470901167739,
PV_30,54,0.34905095867412517,0.009684484416953649,0.3779917432573669,0.00483174370872907,
PV_31,54,0.26934934787617465,0.04888895999110246,0.21372594243403922,0.12070997697497542,
PV_32,54,0.21107916920210648,0.12548920322778556,0.19653603411808737,0.15433650073249866,
PV_33,54,0.45762820744644794,0.0005028663504767876,0.39107552251845157,0.003455759422838964,
PV_34,54,0.28476434617430185,0.036884225271821496,0.2770013717728728,0.042583145187248796,
PV_35,54,0.34985728733421484,0.009506545418644199,0.3827597010458414,0.004282833951185893,
PV_36,54,0.39349953470716553,0.0032428894895554124,0.39563504338059824,0.0030650502833769783,
PV_37,54,0.3107442318805835,0.02219560599689297,0.30001853970334763,0.027514565622416474,
PV_38,54,0.40226887850999515,0.002566394337497338,0.40190950434948197,0.002591438300245916,
PV_39,54,0.28919213012806183,0.03392652626483169,0.3232424269153319,0.01711870141282611,
PV_40,54,0.1803216641739922,0.19195812921325145,0.2393652377916284,0.08128978194646017,
