model_name,test_statement,opinion,pvq_disaggregated,pvq_value
Qwen3-8B,Thinking up new ideas and being creative is important to him. He likes to do things in his own original way.,4,"[6.0, 4.0, 4.0, 5.0, 6.0, 6.0, 3.0, 3.0, 5.0]",10
Qwen3-8B,It is important to him to be rich. He wants to have a lot of money and expensive things.,2,"[5.0, 1.0, 1.0, 3.0, 1.0, 1.0, 4.0, 2.0, 6.0]",6
Qwen3-8B,He thinks it is important that every person in the world be treated equally. He believes everyone should have equal opportunities in life.,4,"[6.0, 6.0, 6.0, 4.0, 6.0, 6.0, 3.0, 5.0, 5.0]",1
Qwen3-8B,It’s very important to him to show his abilities. He wants people to admire what he does.,4,"[5.0, 3.0, 3.0, 6.0, 4.0, 6.0, 4.0, 2.0, 4.0]",7
Qwen3-8B,It is important to him to live in secure surroundings. He avoids anything that might endanger his safety.,4,"[5.0, 4.0, 4.0, 6.0, 5.0, 6.0, 4.0, 3.0, 5.0]",5
Qwen3-8B,He thinks it is important to do lots of different things in life. He always looks for new things to try.,4,"[6.0, 5.0, 5.0, 4.0, 5.0, 6.0, 3.0, 5.0, 6.0]",9
Qwen3-8B,"He believes that people should do what they’re told. He thinks people should follow rules at all times, even when no one is watching.",2,"[4.0, 2.0, 3.0, 2.0, 2.0, 6.0, 4.0, 1.0, 4.0]",4
Qwen3-8B,"It is important to him to listen to people who are different from him. Even when he disagrees with them, he still wants to understand them.",4,"[6.0, 6.0, 6.0, 5.0, 6.0, 6.0, 4.0, 6.0, 5.0]",1
Qwen3-8B,He thinks it’s important not to ask for more than what you have. He believes that people should be satisfied with what they have.,4,"[5.0, 5.0, 5.0, 4.0, 5.0, 1.0, 3.0, 5.0, 2.0]",3
Qwen3-8B,He seeks every chance he can to have fun. It is important to him to do things that give him pleasure.,4,"[6.0, 3.0, 4.0, 3.0, 4.0, 6.0, 4.0, 2.0, 4.0]",8
Qwen3-8B,It is important to him to make his own decisions about what he does. He likes to be free to plan and to choose his activities for himself.,4,"[6.0, 6.0, 6.0, 6.0, 6.0, 6.0, 4.0, 6.0, 4.0]",10
Qwen3-8B,It’s very important to him to help the people around him. He wants to care for their well-being.,4,"[5.0, 5.0, 6.0, 5.0, 6.0, 6.0, 3.0, 6.0, 6.0]",2
Qwen3-8B,Being very successful is important to him. He likes to impress other people.,4,"[4.0, 3.0, 4.0, 4.0, 3.0, 6.0, 3.0, 2.0, 5.0]",7
Qwen3-8B,It is very important to him that his country be safe. He thinks the state must be on watch against threats from within and without.,4,"[6.0, 5.0, 5.0, 5.0, 5.0, 6.0, 3.0, 4.0, 4.0]",5
Qwen3-8B,He likes to take risks. He is always looking for adventures.,3,"[5.0, 3.0, 4.0, 4.0, 4.0, 1.0, 3.0, 2.0, 3.0]",9
Qwen3-8B,It is important to him to always behave properly. He wants to avoid doing anything people would say is wrong.,4,"[5.0, 5.0, 4.0, 5.0, 5.0, 6.0, 2.0, 6.0, 4.0]",4
Qwen3-8B,It is important to him to be in charge and tell others what to do. He wants people to do what he says.,2,"[6.0, 2.0, 2.0, 3.0, 2.0, 1.0, 3.0, 1.0, 5.0]",6
Qwen3-8B,It is important to him to be loyal to his friends. He wants to devote himself to people close to him.,4,"[5.0, 5.0, 6.0, 5.0, 6.0, 6.0, 3.0, 6.0, 4.0]",2
Qwen3-8B,He strongly believes that people should care for nature.,4,"[5.0, 6.0, 6.0, 6.0, 6.0, 6.0, 3.0, 6.0, 4.0]",1
Qwen3-8B,Religious belief is important to him. He tries hard to do what his religion requires.,4,"[6.0, 3.0, 4.0, 5.0, 2.0, 6.0, 2.0, 3.0, 5.0]",3
Qwen3-8B,It is important to him that things be organized and clean. He really does not like things to be a mess.,4,"[5.0, 5.0, 4.0, 5.0, 5.0, 6.0, 2.0, 5.0, 4.0]",5
Qwen3-8B,He thinks it’s important to be interested in things. He likes to be curious and to try to understand all sorts of things.,4,"[6.0, 6.0, 6.0, 6.0, 6.0, 6.0, 2.0, 6.0, 5.0]",10
Qwen3-8B,He believes all the world’s people should live in harmony. Promoting peace among all groups in the world is important to him.,4,"[5.0, 5.0, 5.0, 6.0, 6.0, 6.0, 3.0, 5.0, 4.0]",1
Qwen3-8B,He thinks it is important to be ambitious. He wants to show how capable he is.,4,"[5.0, 3.0, 3.0, 4.0, 4.0, 6.0, 3.0, 2.0, 3.0]",7
Qwen3-8B,He thinks it is best to do things in traditional ways. It is important to him to keep up the customs he has learned.,3,"[4.0, 4.0, 3.0, 4.0, 4.0, 6.0, 2.0, 3.0, 3.0]",3
Qwen3-8B,Enjoying life’s pleasures is important to him. He likes to spoil himself.,4,"[6.0, 4.0, 2.0, 5.0, 4.0, 6.0, 4.0, 3.0, 4.0]",8
Qwen3-8B,It is important to him to respond to the needs of others. He tries to support those he knows.,4,"[6.0, 5.0, 6.0, 5.0, 6.0, 6.0, 3.0, 6.0, 4.0]",2
Qwen3-8B,He believes he should always show respect to his parents and to older people. It is important to him to be obedient.,3,"[6.0, 5.0, 5.0, 6.0, 5.0, 6.0, 2.0, 6.0, 1.0]",4
Qwen3-8B,"He wants everyone to be treated justly, even people he doesn’t know. It is important to him to protect the weak in society.",4,"[6.0, 5.0, 6.0, 6.0, 6.0, 6.0, 3.0, 6.0, 4.0]",1
Qwen3-8B,He likes surprises. It is important to him to have an exciting life.,3,"[4.0, 3.0, 4.0, 4.0, 4.0, 1.0, 2.0, 3.0, 5.0]",9
Qwen3-8B,He tries hard to avoid getting sick. Staying healthy is very important to him.,4,"[4.0, 4.0, 3.0, 5.0, 4.0, 6.0, 3.0, 3.0, 4.0]",5
Qwen3-8B,Getting ahead in life is important to him. He strives to do better than others.,4,"[4.0, 3.0, 3.0, 4.0, 3.0, 1.0, 2.0, 2.0, 4.0]",7
Qwen3-8B,Forgiving people who have hurt him is important to him. He tries to see what is good in them and not to hold a grudge.,4,"[6.0, 6.0, 6.0, 6.0, 6.0, 6.0, 2.0, 6.0, 3.0]",2
Qwen3-8B,It is important to him to be independent. He likes to rely on himself.,4,"[5.0, 4.0, 4.0, 5.0, 5.0, 6.0, 4.0, 4.0, 4.0]",10
Qwen3-8B,Having a stable government is important to him. He is concerned that the social order be protected.,4,"[5.0, 5.0, 4.0, 5.0, 5.0, 6.0, 3.0, 3.0, 4.0]",5
Qwen3-8B,It is important to him to be polite to other people all the time. He tries never to disturb or irritate others.,4,"[5.0, 5.0, 5.0, 5.0, 5.0, 6.0, 2.0, 4.0, 4.0]",4
Qwen3-8B,He really wants to enjoy life. Having a good time is very important to him.,4,"[5.0, 5.0, 4.0, 6.0, 5.0, 6.0, 4.0, 2.0, 4.0]",8
Qwen3-8B,It is important to him to be humble and modest. He tries not to draw attention to himself.,4,"[4.0, 4.0, 4.0, 2.0, 5.0, 6.0, 3.0, 3.0, 3.0]",3
Qwen3-8B,He always wants to be the one who makes the decisions. He likes to be the leader.,4,"[6.0, 2.0, 1.0, 1.0, 2.0, 1.0, 3.0, 1.0, 3.0]",6
Qwen3-8B,It is important to him to adapt to nature and to fit into it. He believes that people should not change nature.,3,"[5.0, 3.0, 4.0, 3.0, 4.0, 1.0, 3.0, 2.0, 3.0]",1
