condition,model_a,model_b,n_a,n_b,u_stat,p,rank_biserial_r,notes
mft,Apertus-8B-Instruct,Falcon3-7B-Instruct,36,36,177.0,1.1533426588602239e-07,0.7268518518518519,
mft,Apertus-8B-Instruct,Llama-3.1-8B-Instruct,36,36,235.0,3.343607767824648e-06,0.6373456790123457,
mft,Apertus-8B-Instruct,Ministral-3-8B-Instruct-2512,36,36,17.5,1.2441288600452238e-12,0.9729938271604939,
mft,Apertus-8B-Instruct,Olmo-3-7B-Instruct,36,36,771.5,0.1657171027221087,-0.19058641975308643,
mft,Apertus-8B-Instruct,Qwen3-8B,36,36,201.0,4.801524695909321e-07,0.6898148148148149,
mft,Falcon3-7B-Instruct,Llama-3.1-8B-Instruct,36,36,895.0,0.0054460064918114524,-0.38117283950617287,
mft,Falcon3-7B-Instruct,Ministral-3-8B-Instruct-2512,36,36,349.0,0.0007649463093720058,0.4614197530864198,
mft,Falcon3-7B-Instruct,Olmo-3-7B-Instruct,36,36,1134.5,4.357405617454027e-08,-0.7507716049382716,
mft,Falcon3-7B-Instruct,Qwen3-8B,36,36,761.0,0.20482098787051817,-0.1743827160493827,
mft,Llama-3.1-8B-Instruct,Ministral-3-8B-Instruct-2512,36,36,77.5,1.3224403950287252e-10,0.8804012345679012,
mft,Llama-3.1-8B-Instruct,Olmo-3-7B-Instruct,36,36,1071.5,1.8686834701626705e-06,-0.6535493827160495,
mft,Llama-3.1-8B-Instruct,Qwen3-8B,36,36,463.5,0.038078129605589504,0.2847222222222222,
mft,Ministral-3-8B-Instruct-2512,Olmo-3-7B-Instruct,36,36,1267.5,3.0440213704276563e-12,-0.9560185185185186,
mft,Ministral-3-8B-Instruct-2512,Qwen3-8B,36,36,1141.5,2.7067342533059407e-08,-0.7615740740740742,
mft,Olmo-3-7B-Instruct,Qwen3-8B,36,36,198.5,4.202809146169511e-07,0.6936728395061729,
pvq,Apertus-8B-Instruct,Falcon3-7B-Instruct,40,40,245.5,9.567864330901618e-08,0.693125,
pvq,Apertus-8B-Instruct,Llama-3.1-8B-Instruct,40,40,278.0,4.96726107949711e-07,0.6525000000000001,
pvq,Apertus-8B-Instruct,Ministral-3-8B-Instruct-2512,40,40,21.0,6.474473846320034e-14,0.97375,
pvq,Apertus-8B-Instruct,Olmo-3-7B-Instruct,40,40,1152.0,0.0007130989359781656,-0.43999999999999995,
pvq,Apertus-8B-Instruct,Qwen3-8B,40,40,293.5,1.0973258925026302e-06,0.6331249999999999,
pvq,Falcon3-7B-Instruct,Llama-3.1-8B-Instruct,40,40,1171.0,0.0003603442468750565,-0.4637500000000001,
pvq,Falcon3-7B-Instruct,Ministral-3-8B-Instruct-2512,40,40,796.5,0.9769440354505046,0.004375000000000018,
pvq,Falcon3-7B-Instruct,Olmo-3-7B-Instruct,40,40,1430.0,1.3757643223950345e-09,-0.7875000000000001,
pvq,Falcon3-7B-Instruct,Qwen3-8B,40,40,1035.5,0.023665172341824216,-0.29437500000000005,
pvq,Llama-3.1-8B-Instruct,Ministral-3-8B-Instruct-2512,40,40,135.5,1.5885461235109642e-10,0.830625,
pvq,Llama-3.1-8B-Instruct,Olmo-3-7B-Instruct,40,40,1360.5,6.92431473987292e-08,-0.700625,
pvq,Llama-3.1-8B-Instruct,Qwen3-8B,40,40,633.0,0.10874108351856192,0.20875,
pvq,Ministral-3-8B-Instruct-2512,Olmo-3-7B-Instruct,40,40,1523.5,3.367208201829956e-12,-0.9043749999999999,
pvq,Ministral-3-8B-Instruct-2512,Qwen3-8B,40,40,1163.5,0.0004687698156210754,-0.454375,
pvq,Olmo-3-7B-Instruct,Qwen3-8B,40,40,212.5,1.6041722743091456e-08,0.734375,
combined,Apertus-8B-Instruct,Falcon3-7B-Instruct,76,76,856.5,7.046861865824277e-14,0.7034279778393352,
combined,Apertus-8B-Instruct,Llama-3.1-8B-Instruct,76,76,1075.5,2.340773650562797e-11,0.6275969529085872,
combined,Apertus-8B-Instruct,Ministral-3-8B-Instruct-2512,76,76,88.0,5.687915976714062e-25,0.9695290858725761,
combined,Apertus-8B-Instruct,Olmo-3-7B-Instruct,76,76,3879.0,0.0002608709721701627,-0.3431440443213296,
combined,Apertus-8B-Instruct,Qwen3-8B,76,76,920.5,4.079313286652239e-13,0.6812673130193906,
combined,Falcon3-7B-Instruct,Llama-3.1-8B-Instruct,76,76,4104.0,7.38420919293323e-06,-0.42105263157894735,
combined,Falcon3-7B-Instruct,Ministral-3-8B-Instruct-2512,76,76,2261.5,0.020981904448537904,0.21693213296398894,
combined,Falcon3-7B-Instruct,Olmo-3-7B-Instruct,76,76,5112.0,2.502862734792307e-16,-0.7700831024930748,
combined,Falcon3-7B-Instruct,Qwen3-8B,76,76,3581.5,0.010619831313478567,-0.24013157894736836,
combined,Llama-3.1-8B-Instruct,Ministral-3-8B-Instruct-2512,76,76,453.5,2.849787515158623e-19,0.8429709141274238,
combined,Llama-3.1-8B-Instruct,Olmo-3-7B-Instruct,76,76,4849.5,4.810612233079167e-13,-0.6791897506925209,
combined,Llama-3.1-8B-Instruct,Qwen3-8B,76,76,2149.0,0.006460636458392944,0.2558864265927978,
combined,Ministral-3-8B-Instruct-2512,Olmo-3-7B-Instruct,76,76,5563.5,6.194130734501081e-23,-0.9264196675900278,
combined,Ministral-3-8B-Instruct-2512,Qwen3-8B,76,76,4595.0,3.08957152607648e-10,-0.5910664819944598,
combined,Olmo-3-7B-Instruct,Qwen3-8B,76,76,808.0,1.7855311584429717e-14,0.7202216066481995,
