model,foundation,n_items,n_significant,n_significant_increase,n_significant_decrease,mean_delta_recall
ALL,equality,36.0,31.0,27.0,4.0,0.04777777777777778
ALL,proportionality,36.0,28.0,26.0,2.0,0.05211111111111111
ALL,loyalty,36.0,27.0,24.0,3.0,0.04977777777777778
ALL,authority,36.0,25.0,21.0,4.0,0.03433333333333334
ALL,purity,36.0,15.0,10.0,5.0,0.006888888888888889
ALL,care,36.0,11.0,9.0,2.0,0.017222222222222222
Apertus-8B-Instruct,equality,6.0,3.0,3.0,0.0,0.027999999999999997
Apertus-8B-Instruct,loyalty,6.0,3.0,1.0,2.0,-0.018666666666666668
Apertus-8B-Instruct,proportionality,6.0,3.0,3.0,0.0,0.037333333333333336
Apertus-8B-Instruct,care,6.0,2.0,0.0,2.0,-0.04066666666666666
Apertus-8B-Instruct,authority,6.0,1.0,0.0,1.0,-0.01733333333333333
Apertus-8B-Instruct,purity,6.0,1.0,0.0,1.0,-0.03133333333333333
Falcon3-7B-Instruct,equality,6.0,6.0,6.0,0.0,0.11999999999999998
Falcon3-7B-Instruct,loyalty,6.0,6.0,6.0,0.0,0.07733333333333334
Falcon3-7B-Instruct,authority,6.0,5.0,5.0,0.0,0.066
Falcon3-7B-Instruct,proportionality,6.0,5.0,5.0,0.0,0.09733333333333331
Falcon3-7B-Instruct,purity,6.0,3.0,2.0,1.0,0.034
Falcon3-7B-Instruct,care,6.0,0.0,0.0,0.0,0.012666666666666666
Llama-3.1-8B-Instruct,equality,6.0,6.0,6.0,0.0,0.062
Llama-3.1-8B-Instruct,authority,6.0,5.0,5.0,0.0,0.042
Llama-3.1-8B-Instruct,proportionality,6.0,5.0,5.0,0.0,0.05533333333333334
Llama-3.1-8B-Instruct,loyalty,6.0,3.0,3.0,0.0,0.03666666666666667
Llama-3.1-8B-Instruct,care,6.0,2.0,2.0,0.0,0.02333333333333333
Llama-3.1-8B-Instruct,purity,6.0,1.0,1.0,0.0,0.021333333333333333
Ministral-3-8B-Instruct-2512,authority,6.0,6.0,6.0,0.0,0.10466666666666664
Ministral-3-8B-Instruct-2512,care,6.0,6.0,6.0,0.0,0.10666666666666665
Ministral-3-8B-Instruct-2512,equality,6.0,6.0,6.0,0.0,0.118
Ministral-3-8B-Instruct-2512,loyalty,6.0,6.0,6.0,0.0,0.12
Ministral-3-8B-Instruct-2512,proportionality,6.0,6.0,6.0,0.0,0.10866666666666668
Ministral-3-8B-Instruct-2512,purity,6.0,5.0,5.0,0.0,0.06666666666666667
Olmo-3-7B-Instruct,equality,6.0,5.0,1.0,4.0,-0.11066666666666665
Olmo-3-7B-Instruct,authority,6.0,4.0,1.0,3.0,-0.05133333333333332
Olmo-3-7B-Instruct,proportionality,6.0,4.0,2.0,2.0,-0.04333333333333334
Olmo-3-7B-Instruct,loyalty,6.0,3.0,2.0,1.0,0.004
Olmo-3-7B-Instruct,purity,6.0,3.0,0.0,3.0,-0.06933333333333333
Olmo-3-7B-Instruct,care,6.0,0.0,0.0,0.0,-0.021999999999999995
Qwen3-8B,loyalty,6.0,6.0,6.0,0.0,0.07933333333333333
Qwen3-8B,equality,6.0,5.0,5.0,0.0,0.06933333333333333
Qwen3-8B,proportionality,6.0,5.0,5.0,0.0,0.05733333333333334
Qwen3-8B,authority,6.0,4.0,4.0,0.0,0.06199999999999999
Qwen3-8B,purity,6.0,2.0,2.0,0.0,0.02
Qwen3-8B,care,6.0,1.0,1.0,0.0,0.02333333333333333
