pvq_value_label,n_models,mean_rank,expected_rank_by_chance,p,p_fdr_bh
Benevolence,6,1.6666666666666667,5.5,0.03125,0.10416666666666667
Universalism,6,3.0,5.5,0.125,0.3125
Conformity,6,3.8333333333333335,5.5,0.03125,0.10416666666666667
Tradition,6,4.833333333333333,5.5,0.53125,0.5625
Self-Direction,6,5.833333333333333,5.5,0.53125,0.5625
Achievement,6,6.333333333333333,5.5,0.4375,0.5625
Security,6,6.5,5.5,0.53125,0.5625
Power,6,6.833333333333333,5.5,0.5625,0.5625
Hedonism,6,7.166666666666667,5.5,0.25,0.5
Stimulation,6,9.0,5.5,0.03125,0.10416666666666667
