model,pvq_value_label,rank_within_model
Apertus-8B-Instruct,Achievement,6.0
Falcon3-7B-Instruct,Achievement,8.0
Llama-3.1-8B-Instruct,Achievement,6.0
Ministral-3-8B-Instruct-2512,Achievement,8.0
Olmo-3-7B-Instruct,Achievement,8.0
Qwen3-8B,Achievement,2.0
Apertus-8B-Instruct,Benevolence,1.0
Falcon3-7B-Instruct,Benevolence,2.0
Llama-3.1-8B-Instruct,Benevolence,2.0
Ministral-3-8B-Instruct-2512,Benevolence,2.0
Olmo-3-7B-Instruct,Benevolence,2.0
Qwen3-8B,Benevolence,1.0
Apertus-8B-Instruct,Conformity,5.0
Falcon3-7B-Instruct,Conformity,3.0
Llama-3.1-8B-Instruct,Conformity,3.0
Ministral-3-8B-Instruct-2512,Conformity,5.0
Olmo-3-7B-Instruct,Conformity,4.0
Qwen3-8B,Conformity,3.0
Apertus-8B-Instruct,Hedonism,9.0
Falcon3-7B-Instruct,Hedonism,4.0
Llama-3.1-8B-Instruct,Hedonism,10.0
Ministral-3-8B-Instruct-2512,Hedonism,7.0
Olmo-3-7B-Instruct,Hedonism,3.0
Qwen3-8B,Hedonism,10.0
Apertus-8B-Instruct,Power,8.0
Falcon3-7B-Instruct,Power,9.0
Llama-3.1-8B-Instruct,Power,1.0
Ministral-3-8B-Instruct-2512,Power,9.0
Olmo-3-7B-Instruct,Power,9.0
Qwen3-8B,Power,5.0
Apertus-8B-Instruct,Security,4.0
Falcon3-7B-Instruct,Security,7.0
Llama-3.1-8B-Instruct,Security,7.0
Ministral-3-8B-Instruct-2512,Security,4.0
Olmo-3-7B-Instruct,Security,10.0
Qwen3-8B,Security,7.0
Apertus-8B-Instruct,Self-Direction,7.0
Falcon3-7B-Instruct,Self-Direction,6.0
Llama-3.1-8B-Instruct,Self-Direction,5.0
Ministral-3-8B-Instruct-2512,Self-Direction,6.0
Olmo-3-7B-Instruct,Self-Direction,5.0
Qwen3-8B,Self-Direction,6.0
Apertus-8B-Instruct,Stimulation,10.0
Falcon3-7B-Instruct,Stimulation,10.0
Llama-3.1-8B-Instruct,Stimulation,9.0
Ministral-3-8B-Instruct-2512,Stimulation,10.0
Olmo-3-7B-Instruct,Stimulation,7.0
Qwen3-8B,Stimulation,8.0
Apertus-8B-Instruct,Tradition,3.0
Falcon3-7B-Instruct,Tradition,5.0
Llama-3.1-8B-Instruct,Tradition,8.0
Ministral-3-8B-Instruct-2512,Tradition,3.0
Olmo-3-7B-Instruct,Tradition,6.0
Qwen3-8B,Tradition,4.0
Apertus-8B-Instruct,Universalism,2.0
Falcon3-7B-Instruct,Universalism,1.0
Llama-3.1-8B-Instruct,Universalism,4.0
Ministral-3-8B-Instruct-2512,Universalism,1.0
Olmo-3-7B-Instruct,Universalism,1.0
Qwen3-8B,Universalism,9.0
