rater_id,mse_score,mse_polarity
R_2CdZw87NVCtnZTj,0.9705882352941176,0.4411764705882353
R_xyobtXOJ3cdyRpv,2.323529411764706,2.323529411764706
R_O9cmq3uhHE3XLG1,1.7352941176470589,1.7352941176470589
R_2SdV2MUYmu749IF,1.6363636363636365,1.5151515151515151
R_2CQEPuZapiPiXh1,2.0,2.0
R_2YfdDEZi0gF4sob,1.6857142857142857,1.457142857142857
R_1P2bafpz6pSKFNf,1.2285714285714286,0.6
R_1LRny2lYhaIUzQE,1.8285714285714285,1.7714285714285714
R_W0Vu3UprFxG75Tj,1.4545454545454546,1.0303030303030303
R_3dZgbZZasRd4ayu,1.8064516129032258,1.6774193548387097
R_1pnCW6SdaNLeG1T,1.4705882352941178,1.411764705882353
R_1i9zlioeqeGkMXe,2.3448275862068964,2.3448275862068964
R_YPlrKfA7JPBnKMN,1.9166666666666667,1.9166666666666667
R_2zXU3MArS0Ibx9l,1.868421052631579,1.868421052631579
R_ODcilpbgEKmrA4N,2.8378378378378377,2.8378378378378377
R_BR2pq17Ja5fcIRb,2.289473684210526,2.0789473684210527
R_Zaw9tJEuNuGz89H,1.7297297297297298,1.4594594594594594
R_2uwYAwDnWbylfsr,1.3714285714285714,0.34285714285714286
R_1Nm0XBQjovAbAji,2.342857142857143,2.342857142857143
R_2ZD28Kftj0HXUD3,1.6666666666666667,1.121212121212121
R_UDCpxXfm9U4ca53,2.0285714285714285,1.8571428571428572
R_2952NxI7eQgF7mA,1.5151515151515151,1.393939393939394
R_31gy6kJNMg23vbT,1.7428571428571429,1.1714285714285715
R_1ik66jyEp2b40WM,1.457142857142857,0.8857142857142857
R_2do6kqzIqBe40bL,1.9393939393939394,1.9393939393939394
R_ub3pU0ztPBLJW5X,2.8484848484848486,2.8484848484848486
R_ywfzIDKDlL3w61r,1.837837837837838,1.6216216216216217
R_3nTact3LqxTGKiI,1.393939393939394,1.2727272727272727
R_128Qu1k8DrfLFpc,2.342857142857143,2.2857142857142856
R_33CgF3J8IDvHmlK,1.7037037037037037,1.4814814814814814
R_OrhESCO1j7t6NvX,2.5142857142857142,2.5142857142857142
R_2YtzK83kAD0nqAv,1.0857142857142856,0.45714285714285713
R_1ePfRHWX2Cm9g6v,2.7241379310344827,2.7241379310344827
R_u7A9UJvtQ4I8wLv,1.8421052631578947,1.8421052631578947
R_2VwPf58oYccVqKT,1.7916666666666667,1.7083333333333333
R_1MPT6DdDScx2SXC,1.5357142857142858,1.5357142857142858
R_T7a8NDb69nGjfIR,2.4857142857142858,2.4857142857142858
R_V3ZwV12qUJwZwmR,1.7428571428571429,1.7428571428571429
R_32W2dS4F36xs0ZE,1.9583333333333333,1.9583333333333333
R_6gsOvn7YOW55UOt,1.7777777777777777,1.3888888888888888
R_1IZx8j36HdCPU6w,2.085714285714286,1.9714285714285715
R_3rYhY9ZqltdscX8,1.4285714285714286,0.8571428571428571
R_2zvTIbE2t8uPMBm,2.4705882352941178,2.2941176470588234
R_1GT7Ox9FN1qfKr8,2.2,2.142857142857143
R_1F9bP1iT7QVWUQm,2.4857142857142858,2.4285714285714284
R_3MF249C0ZzJGTOK,2.942857142857143,2.8857142857142857
R_1dN2vs9YKpfp4ZY,1.7142857142857142,1.6428571428571428
R_3HAHAJ4cmjojaeM,2.5428571428571427,2.5428571428571427
R_2OZNGYSiph6r7NS,2.0285714285714285,2.0285714285714285
R_xszWQCJqbhjFAGZ,1.2352941176470589,1.1176470588235294
R_1jVyKBL8XYXSBS1,1.4473684210526316,1.1842105263157894
R_AbYqHzes7KRappf,1.763157894736842,1.5
R_1r7gpwUNLlFDB8H,2.588235294117647,2.4705882352941178
R_339H161CwwzP7ru,2.9210526315789473,2.9210526315789473
R_2eOpXfVMG1m9rGY,2.21875,1.96875
R_1g5zQUHVORR3MTO,2.8484848484848486,2.8484848484848486
R_3nvYwgm10L30BCQ,2.2285714285714286,2.2285714285714286
R_12Rw7A4iRSo7QwK,2.6285714285714286,2.6285714285714286
R_1IZvFfuOY2n3xM4,1.8461538461538463,1.794871794871795
R_3KrrhXF6pZrmRZH,1.4634146341463414,0.8292682926829268
R_1ieCBfGPSvAeUCi,2.1052631578947367,2.0
R_2t4CdRgkfFxMReO,1.794871794871795,1.5384615384615385
R_udFhrw5TWrc5dBv,2.142857142857143,2.142857142857143
R_3hfrIGgTpLEfto3,2.1875,1.9375
R_31H6I0EBy2kmwkj,1.7272727272727273,1.7272727272727273
R_2RUk6ljN3BjFPib,2.4857142857142858,2.257142857142857
R_2nTxw1YhFyBAVRn,1.8387096774193548,1.7096774193548387
R_1ikWoVA6kppc28i,1.8857142857142857,1.0857142857142856
R_3NHZNDIpY1OBk07,2.36,2.28
R_2R2CuEoidaOEvSG,1.775,1.225
R_2dzijJoi2MDPlKh,1.9090909090909092,1.7272727272727273
R_2y74f1k6Hs0cP47,1.4583333333333333,1.375
R_1rGH06iowoxVYdY,2.4444444444444446,2.4444444444444446
R_2tarb4ne4UCQEx3,2.8823529411764706,2.8823529411764706
R_2U584F6DmtIfOGr,3.03125,3.03125
R_1nNGhY8mhK8qovp,1.59375,1.40625
R_2XbzgLGUshAZdyV,1.7142857142857142,1.6571428571428573
R_2xPN8d1lcmKC3OH,1.5,1.5
R_1o859WAU8ChYd1Q,2.323529411764706,2.323529411764706
R_2OYzod1onJdcHh6,2.217391304347826,2.217391304347826
R_NWuHpbtkc9SbXj3,1.7272727272727273,1.4242424242424243
R_3kv5VLUe21QtcG6,2.7941176470588234,2.7941176470588234
R_vYzrS4suxTQJQml,1.6571428571428573,1.0857142857142856
R_3HnbeBVaei668FR,1.15625,0.84375
R_80mXlk4KYEq9mZb,2.5454545454545454,2.5454545454545454
R_1g1Lndia5cVEgWx,2.257142857142857,2.257142857142857
R_28GrhnIkWPVDCE4,2.1515151515151514,2.090909090909091
R_2f1fktQOtRIGO4B,1.5714285714285714,1.5714285714285714
R_29nsibxOhwJeFof,1.3478260869565217,1.0869565217391304
R_3JrQ9sszmy5SW6c,2.391304347826087,2.391304347826087
R_3s7auv3W7GRne2J,1.6,1.5555555555555556
R_2sTqgXkDHNvccGL,2.2045454545454546,2.159090909090909
R_BxiUsiYnsFygWzv,1.3636363636363635,0.7727272727272727
R_5uyjZAwLywlWvDj,2.522727272727273,2.522727272727273
R_zeg0ZLc2l75nGRb,1.7777777777777777,1.7037037037037037
R_2B5tpixzC8bbh56,1.2285714285714286,0.6571428571428571
R_2fkyOIECpjb24rt,1.4705882352941178,1.411764705882353
R_23Tqzi4RERR4gpr,1.1538461538461537,0.8974358974358975
R_2QmUdzF4gAXMEEe,1.763157894736842,1.763157894736842
R_30jB3YyYT5rW0h0,2.026315789473684,1.9736842105263157
R_3Lba5UARBvcuhd4,1.9411764705882353,1.7647058823529411
R_6tHMqPGt31mrmal,1.03125,0.28125
R_1nUR5CZ05NOfrte,1.85,1.65
R_2EABCYRlTMl43S2,1.2439024390243902,-0.12195121951219512
R_122Q0u6ELNAmPix,2.0,1.9024390243902438
R_3oXB1tEBixGOD0r,1.588235294117647,1.4705882352941178
R_UWmMrvsG7AfPi2B,1.3513513513513513,-0.8648648648648649
R_1LcJpAWlAKFEGM4,2.3684210526315788,2.3684210526315788
R_3PS2ZKhngZk4JIO,2.3947368421052633,2.289473684210526
R_1rlxC00OSkrzNKT,1.7105263157894737,1.236842105263158
R_3L6Vg4ckPJLoc1D,2.0,1.7857142857142858
R_2cupuI6ixrkFT2N,1.6,1.542857142857143
R_AoOBZgnU5ZuuL0R,1.2571428571428571,0.22857142857142856
R_3kc5xvhmr2nZQiw,2.0697674418604652,2.0697674418604652
R_2w1wPSEzrTIC2Fj,2.2045454545454546,2.2045454545454546
R_yvHOm43Tilu0YOR,1.9189189189189189,1.7567567567567568
R_33dpyeR5U40hyXi,1.7083333333333333,1.7083333333333333
R_8oaVTn763z9fU4N,2.5,2.5
R_3e8qBv9h5Dsoo7I,2.911764705882353,2.911764705882353
R_1Kj92iV6mZGkqrM,1.7142857142857142,1.4285714285714286
R_1QmSd94szjzNHkY,1.375,0.375
R_enUBLvL0yzAg2Q1,2.027027027027027,1.7027027027027026
R_RUERJFcQN6xFcNH,1.8484848484848484,0.8787878787878788
R_2EHwcsJMmIbuoI8,1.868421052631579,1.868421052631579
R_3F1Z7Wwe56oJ71A,1.0,0.47368421052631576
R_3KIVCWFyzAAs4C1,2.782608695652174,2.782608695652174
R_bjfwd01vJDyspNv,1.326086956521739,0.7608695652173914
R_1OWh9y4ktPhl3Cz,1.1363636363636365,0.5454545454545454
R_1EXU6oMbfZYmhHQ,1.9333333333333333,1.5333333333333334
R_2e2L2Ahp9QXCQrS,1.542857142857143,1.0285714285714285
R_0Ap4o4zDiTO8ipH,1.9722222222222223,1.8055555555555556
R_AGKX8f82XJ2deH7,2.25,2.1944444444444446
R_2wH7nI7pr4GLlFq,1.8235294117647058,1.2941176470588236
R_1IRXiOBU4rY42oY,2.6315789473684212,2.6315789473684212
R_3G0wiQRSIMPc39k,2.3666666666666667,2.3666666666666667
R_6yQQmvDEuIbC4AF,2.1818181818181817,2.121212121212121
R_Om2xwiqDSR6Ib3H,2.6857142857142855,2.6857142857142855
R_1joKnD8VpWDJcIh,2.2857142857142856,2.2285714285714286
R_xxslLMPKk8wgLpD,1.8,1.8
R_UKHopurGp7X2qoV,1.4285714285714286,0.8
R_22yQSqNIWJ3SNKF,2.0294117647058822,2.0294117647058822
R_6R7wfnPA85JG5Hz,1.9705882352941178,1.911764705882353
R_1lc96wGMmjiCmCv,1.6470588235294117,1.3529411764705883
R_2zG4bGbH5UN85YV,1.7027027027027026,1.2702702702702702
R_1FEBojBM1DFiS0k,1.8372093023255813,1.744186046511628
R_27mzWa8DB8dhw6X,1.8837209302325582,1.697674418604651
R_3JK91pfOHGWxDYB,1.7906976744186047,1.558139534883721
R_1GWwEji0gLkMWCX,2.0697674418604652,1.930232558139535
R_2dPY6kvrYRyENtB,1.5,1.394736842105263
R_RmGDW86MxN4vAiJ,1.8,1.4
R_3PjdO6grT6LmKLr,2.0789473684210527,2.0789473684210527
R_2zoNe6x4rdwXQvS,1.6578947368421053,1.5
R_3g7ALOWm45SgI1K,1.394736842105263,0.8157894736842105
R_Tqu6nS59qsXV985,1.5,1.0263157894736843
R_29vr3KNMpB7QwOH,1.0263157894736843,0.5526315789473685
R_2907jHdkNUA8J21,2.0,1.837837837837838
R_2us3iFaZeYi56Ho,2.875,2.875
R_3ndUl8A7uNaJyei,1.5714285714285714,1.1142857142857143
R_Y60v33lWWn3fax3,1.146341463414634,0.4146341463414634
R_6LjxyzMLS2vAOlj,1.3783783783783783,0.5135135135135135
R_2AYgPs54BTIJ2ti,1.4324324324324325,0.8378378378378378
R_1hS71b2c5kWmM1d,2.0303030303030303,1.8484848484848484
R_31gdWXwOBlqUNb3,1.1842105263157894,0.6578947368421053
R_3snTEziRDQbI042,1.588235294117647,1.411764705882353
R_SDbQq4UpR3HOqvn,2.3636363636363638,2.303030303030303
R_AG2VqG3r8pRk8X7,2.473684210526316,2.473684210526316
R_3qjNy2aqK7rE5z5,2.3157894736842106,2.1578947368421053
R_1CqCDQGbTJx5oTy,2.1,2.1
R_3n8cQ6791wPQskY,1.170731707317073,0.8780487804878049
R_1GPsOakYkJ2pq4E,1.837837837837838,1.6756756756756757
R_29uhHLFFbq7WO7C,1.9268292682926829,1.829268292682927
R_1DqY3suzcmjXkoA,1.9166666666666667,1.9166666666666667
R_2uvwjpETUtCpmgg,2.4242424242424243,2.3636363636363638
R_3g7ce1xb4BAJ1YV,2.6451612903225805,2.6451612903225805
R_1jJ5nUvqmUTAq7Q,2.2,2.085714285714286
R_6GrS2nQFKagybDP,1.5348837209302326,1.441860465116279
R_3KCJYd3vDK3ePPE,2.255813953488372,2.255813953488372
R_5C1438cm29oh8gF,1.7058823529411764,1.588235294117647
R_26bzkM2pK9nzZq5,2.638888888888889,2.361111111111111
R_bNlnZGS3M4oq1MJ,2.4166666666666665,2.4166666666666665
R_323XybOdcs05MFN,1.8235294117647058,1.7647058823529411
R_23ahKt2rCMimNlz,2.5714285714285716,2.5714285714285716
R_2UcqUZg5kTgcIVH,1.8571428571428572,1.8571428571428572
R_2ZOhc9OcLPfli3p,2.085714285714286,2.0285714285714285
R_x9RcCsaTGec9YUV,2.3947368421052633,2.3947368421052633
R_3CPIB9Qk0GrcyyW,1.5666666666666667,1.2333333333333334
R_da5rxwF21ZjIFCF,2.0526315789473686,2.0
R_1daEmfaaaK872PV,1.9736842105263157,1.8157894736842106
R_2VKEvb1mohGbXAB,1.763157894736842,1.2894736842105263
R_10IOdFjG0tYTR0w,2.3714285714285714,2.3714285714285714
R_UH1IxhssudqL51D,1.1714285714285715,0.3142857142857143
R_3OoXKc730oZVDxG,2.3142857142857145,2.2
R_2DZzQ0QbZTId5ao,2.46875,2.46875
R_24nOxo0uGu99eNp,1.5588235294117647,1.3823529411764706
R_vJMcN5y1vDByEWR,3.057142857142857,3.057142857142857
R_2154VfXLH4HcgAv,2.3225806451612905,1.935483870967742
R_Qox6QVIFpz0sHhT,2.342857142857143,1.542857142857143
R_2WA1AcVHRas2pLE,2.6363636363636362,2.6363636363636362
R_Z2D5z7HW32wBfgd,1.5,0.6052631578947368
R_sYIa2LARVDS8Hsd,1.5,1.1
R_2xQ4qfUgwKLJ5Ii,1.2857142857142858,-0.08571428571428572
R_3CTs38Hy7E55Zr3,2.263157894736842,1.9473684210526316
R_2xzTf8p5I01zCA4,1.8857142857142857,1.8857142857142857
R_1AqGB6tNSlXoyjf,1.8709677419354838,1.4838709677419355
R_3HS6gYkbLVe3oSt,1.8285714285714285,1.7142857142857142
R_4HEaXbKuhPsI6d3,2.53125,2.53125
R_UH00jSGLr57RgZj,2.088235294117647,1.5
R_WCf0iHBB66ZrkNr,1.7741935483870968,1.5161290322580645
R_p0p2NARTogyJmwN,1.606060606060606,1.0606060606060606
R_2TmF3AM88VbziEi,1.0285714285714285,0.22857142857142856
R_1pFrQcPUI3tnYJg,2.2758620689655173,2.1379310344827585
R_2zDgvxs8CxOsxFc,1.878787878787879,1.878787878787879
R_2uDwHg9WL6ljTzJ,1.9642857142857142,1.8214285714285714
R_2THkFtw1R0P4Y6V,1.7333333333333334,1.4666666666666666
R_1pKfrkeCVY1e1zr,1.4857142857142858,0.9142857142857143
R_2QFNdviJSOtlvnc,1.8421052631578947,1.6842105263157894
R_3n2yqRVw5Hlbx0K,1.878787878787879,1.696969696969697
R_2YyT4jmMYJgEbDz,1.4545454545454546,1.2727272727272727
R_3k85PRBQx1O1Jsw,2.0,1.6756756756756757
R_3M5SJQhoflNd4aB,1.5555555555555556,1.3333333333333333
R_1rrBBE54RvEbXal,1.4411764705882353,1.1470588235294117
R_2xVGCEp2Ufe0QNy,3.0606060606060606,2.9393939393939394
R_3nAFRShabZAMxYC,1.911764705882353,1.8529411764705883
R_WkA7K0BlfdCEdiN,1.5,1.4411764705882353
R_3Nw897w4DsqHSBI,2.2857142857142856,2.2857142857142856
R_3P6stqnVq9tOvoC,1.8285714285714285,1.4285714285714286
R_Tw1XLsTDieSj1Lj,2.4857142857142858,2.3714285714285714
R_OJOkIUtYHiJAcxz,2.1714285714285713,2.057142857142857
R_tRvlOEX5j3GXmXT,1.7714285714285714,1.3714285714285714
R_9meBV3Gr5hjsQ7f,1.7586206896551724,1.6896551724137931
R_20VabABa66FgWBd,1.5,1.394736842105263
R_QmGmoAbZfGsPgNX,1.8235294117647058,1.7058823529411764
R_5i4GRYIANQdSodr,1.6842105263157894,1.263157894736842
R_1hM6qi1JSC5Lhpw,1.2894736842105263,-0.2894736842105263
R_3pi0QUxRHwhGN6N,1.0263157894736843,0.34210526315789475
R_3qJurYFZVFvU5EQ,1.4054054054054055,0.8648648648648649
R_12sTUkpj7fobiK9,2.275,2.275
R_1EceyvEPVYVUCCd,2.1842105263157894,2.1842105263157894
R_1mC5iGnYtwamXjP,1.6111111111111112,0.8333333333333334
R_3hoLD4LRPveoAAg,1.5789473684210527,1.5263157894736843
R_1QbaADt76w1JqnW,2.096774193548387,2.096774193548387
R_3hG8j8WZZ2kW34u,2.263157894736842,2.263157894736842
R_24Hi90spaO8HQsu,1.736842105263158,1.6842105263157894
R_2dDSoJ5DExmylZ6,2.2285714285714286,2.1714285714285713
R_1Hc2wph7Jnzy9xu,2.6857142857142855,2.6857142857142855
R_BP6rFM8nmxNbuil,1.9375,1.875
R_54to1WFdOhxyjdL,1.4736842105263157,1.0526315789473684
R_2eQ3HlMHh7F2Snv,1.6216216216216217,1.5135135135135136
R_1gOoyVrWur3BRuN,2.625,2.625
R_3hrq8c0ejHQUGtl,1.9411764705882353,1.1176470588235294
R_WDTCtHCHQrv2GfD,2.0,2.0
R_d717tkoecHYdtgR,2.0285714285714285,1.8
R_1lnlbu6oJ51cPWE,2.0,1.9428571428571428
R_uyW0ADGP7SFAkGl,1.6470588235294117,1.3529411764705883
R_6Q0OgVZDuonLbTb,2.71875,2.40625
R_3h9NTD6fHFOVRWd,2.8529411764705883,2.8529411764705883
R_1pXteFPO6NLadNF,2.411764705882353,2.411764705882353
R_3m8BAKhkNMxuLwl,2.5161290322580645,2.5161290322580645
R_3GvzhuKxLJHQwTk,2.4571428571428573,2.4
R_2fxJ0lSl8UMxh8M,1.9090909090909092,1.6666666666666667
R_5mOlyfzhT9w0w7L,2.861111111111111,2.861111111111111
R_33fIYzDbfVbespI,2.388888888888889,2.388888888888889
R_qVg820N4v0b9w3v,2.3421052631578947,2.3421052631578947
R_12u38CP0ANoR9dV,2.2195121951219514,2.2195121951219514
R_1ovZCzFrH2e7mVz,1.9743589743589745,1.8717948717948718
R_ekxiIEbuziynrK9,1.7560975609756098,1.6097560975609757
R_1oBvMG27C7E9Cyk,1.4146341463414633,0.6341463414634146
R_ZvChPdpDXCZUQ4F,1.4,1.35
R_3kyRH46nZq1EWTo,1.4722222222222223,1.4722222222222223
R_3QJZWEHc3gkExOh,1.28125,0.65625
R_1k02u2AGxp8275Y,2.236842105263158,2.236842105263158
R_3JDCWD3vUb0DYOq,2.5,2.5
R_1FnvRcDX014DWI1,1.4,1.2857142857142858
R_1FtQwPDIYGN19et,1.7105263157894737,1.5
R_1mfPB5U3BFxkzXM,1.3513513513513513,1.0810810810810811
R_3Kq0ahdZlSJEYmB,1.8857142857142857,1.7714285714285714
R_6XAQv39x3se3ao1,1.5925925925925926,1.4444444444444444
R_3FKvUZe9BH89xrC,2.3333333333333335,2.2666666666666666
R_2dLXjP4sYgAZx1O,1.3636363636363635,0.7575757575757576
R_3NIfXT757JWgYpm,2.085714285714286,2.0285714285714285
R_1IB33xjOsLIcGjq,1.393939393939394,0.30303030303030304
R_1obZhPXVyaOZRhV,2.257142857142857,2.2
R_2D0n4xBV0muRiIX,1.8857142857142857,1.3142857142857143
R_3Hhum45X0zeuMfZ,1.7777777777777777,1.2777777777777777
R_2Vq09chm748Yl6M,1.1388888888888888,0.5833333333333334
R_3Po5P0FSeRpg0Vm,1.542857142857143,1.542857142857143
R_1Eg578NrInE736G,1.1764705882352942,0.7058823529411765
R_3KqrCXXimgv6XS0,1.4705882352941178,1.2941176470588236
R_1OUFxEjQL14EnIf,1.2941176470588236,0.4117647058823529
R_z3bDoxc17yZ7Y3L,1.0,0.7142857142857143
R_u2HVVPzPpLAc66B,2.342857142857143,2.2857142857142856
R_3NPU9uve11MpqcA,1.9714285714285715,1.9142857142857144
R_3R43qng8qth5duN,2.4571428571428573,2.4571428571428573
R_2XdRvlIDHV3rpjR,1.8620689655172413,1.8620689655172413
R_x5YzJ7I3gqRLyIV,1.3953488372093024,1.255813953488372
R_ysS7toXvtjTFe37,1.7619047619047619,1.7619047619047619
R_2usLm1brXel20lj,2.0714285714285716,1.9285714285714286
R_1DAQm16vftXLTlL,1.1428571428571428,0.7346938775510204
R_Wd0OaqlAkdk2peF,2.1666666666666665,2.1666666666666665
R_3HOoD4G1YkCX5UZ,2.4571428571428573,2.4571428571428573
R_3fZ8JOK4Hep0YIf,1.4666666666666666,1.1333333333333333
R_usmlPCj3qX0zpDj,2.342857142857143,2.342857142857143
R_3p2Xf2B5GCH8Gew,1.6470588235294117,1.6470588235294117
R_SVoaafplI6dTKg1,1.8823529411764706,1.8823529411764706
R_UW9HBBs409jmzPX,1.911764705882353,1.911764705882353
R_3k7K1C7OArwMpqB,1.9090909090909092,1.5454545454545454
R_1HBKiTC7s7MmHwB,1.972972972972973,1.972972972972973
R_1Hk7Qegnm2fDsVT,1.121212121212121,0.5757575757575758
R_s5ociIzXsoVKPkZ,2.4705882352941178,2.4705882352941178
R_2WCssYyxIkIdFiG,1.9142857142857144,1.8571428571428572
R_CmBLYLlfthxfqg1,2.1176470588235294,1.8823529411764706
R_2dhCcnn2gnqq5Fs,1.7647058823529411,1.3529411764705883
R_Weqgy8hFao0AtWx,1.8529411764705883,1.7352941176470589
R_2c5iDC14Lw9GzBo,1.3714285714285714,1.3714285714285714
R_12nYGmp62U5itNW,2.5,2.5
R_2uEb8U1szbNf5qB,1.7647058823529411,1.5294117647058822
R_2zd4QNZyJSiT2Jf,2.466666666666667,2.4
R_TdRDxCImxUwHKIV,2.2058823529411766,2.2058823529411766
R_DIBqIBA3mN2FQJ3,2.1463414634146343,2.1463414634146343
R_9ZVkHkqCCeVF7hL,1.4634146341463414,1.3658536585365855
R_1hyzwqXj8qH23UT,1.9230769230769231,1.564102564102564
R_3a7LoIgGuR3iEud,2.1052631578947367,2.0
R_DJ3w2CsUEeFkVuF,2.41025641025641,2.41025641025641
R_25zlYBciXqhZ5R4,2.1315789473684212,2.026315789473684
R_WoJJbGOLJqbNPW1,2.8421052631578947,2.8421052631578947
R_1jGKPSVWqay5Kpk,1.7714285714285714,1.4857142857142858
R_25ZrmWtP4GwAQpg,1.5142857142857142,1.457142857142857
R_3HiaUdcEIEwWp2U,2.393939393939394,2.393939393939394
R_qV22PP9oPQKOO4N,1.8571428571428572,1.1904761904761905
R_1gAszkwYkOavmlQ,1.3157894736842106,0.8421052631578947
R_2ON1acCzns8Epko,1.4705882352941178,1.1764705882352942
R_3qsW7j9NfmBYVK5,1.6764705882352942,1.4411764705882353
R_ai2VcgsDvc09aN3,2.3714285714285714,2.3714285714285714
R_3NCBSpYNotlSTBj,1.3142857142857143,0.6285714285714286
R_3m4eSuZsCDFQyiu,1.0714285714285714,0.8571428571428571
R_vIzF3yN5wEunxpT,1.4827586206896552,-0.10344827586206896
R_2OISbOiJCZoc4z4,1.542857142857143,0.5714285714285714
R_We7NwNWCFW87ikp,2.4545454545454546,2.393939393939394
R_2fKkG3wOgy9LLci,2.2285714285714286,2.2285714285714286
R_2ToYfryjBpaC9q2,2.0285714285714285,1.9714285714285715
R_2vcxoA8PEaMZSF5,1.6774193548387097,1.3548387096774193
R_2rMYzrGVZYFMAyY,1.6571428571428573,1.6
R_30bOBNfpjQcZygD,1.2571428571428571,1.1428571428571428
R_2Qxl4JMHO2OFS8l,2.257142857142857,2.257142857142857
R_11Z4xZP2BXmjh55,1.6666666666666667,1.4848484848484849
R_1DClFtvZSKHlmJR,1.7142857142857142,1.6571428571428573
R_1ruyFQY47tXuMzc,1.3428571428571427,1.1714285714285715
R_d6W7VTDtgnLNsB3,2.1052631578947367,2.0526315789473686
R_30czBJEqO3O1fmZ,1.631578947368421,1.105263157894737
R_2bVHE8X947ysH8T,1.5789473684210527,1.5263157894736843
R_2flzj1KDx4IUznI,1.3409090909090908,1.2045454545454546
R_1pyhvn9utQ1zW8a,2.1136363636363638,2.022727272727273
R_1IYrISkbiKZxVRv,2.736842105263158,2.736842105263158
R_3noWBmO4eqfEOcM,1.9428571428571428,1.7142857142857142
R_puY4gP6DDwwhLBn,2.054054054054054,1.8918918918918919
R_2xQPt2FDxSu6vE8,0.9210526315789473,0.6052631578947368
R_3Lkh4oxYOLU95YK,1.4444444444444444,1.2222222222222223
R_erH57eKfbbFH4KB,2.0526315789473686,2.0526315789473686
R_2bZBwDqHO9ZjFCu,1.7878787878787878,1.7272727272727273
R_23ZWr24aWnSiDXr,1.763157894736842,1.763157894736842
R_3MKmQKuwrjuKTN0,2.1315789473684212,2.1315789473684212
R_1QGchO6VYtOv93f,1.3888888888888888,1.3888888888888888
R_2whKsZLJze6rsyo,2.0789473684210527,1.5526315789473684
R_2OTQ5bGdXgOeEBk,2.3142857142857145,2.3142857142857145
R_1lnMJH8sCKrEMyQ,2.3142857142857145,2.3142857142857145
R_110AKOjI84xnrkQ,1.121212121212121,1.0606060606060606
R_1NkU9R6VlCULghb,1.6551724137931034,1.0344827586206897
R_2uweozLUFSzS79v,1.8285714285714285,1.7714285714285714
R_2TuEONm2abaLyAm,2.6,2.6
R_3ErQC5BX3q8tPDQ,2.1176470588235294,2.0
R_3G2tqzW5PhqWeaf,2.9714285714285715,2.9714285714285715
R_vxdpoNdZaJXtmNj,2.4,2.4
R_1DGBxG19IrLNHDK,1.896551724137931,1.7586206896551724
R_3ktX7XOpV8OD8Ju,2.3142857142857145,2.142857142857143
R_2zhJsXKIthQfAoo,2.4285714285714284,2.4285714285714284
R_3P25tYkf4z3d7Tr,2.064516129032258,2.064516129032258
R_11aLFiujI3I0oGd,2.0,2.0
R_1JEDu5mFkBdKRbm,2.090909090909091,2.090909090909091
R_23TCBdPKtXkH4wj,1.1142857142857143,0.42857142857142855
R_bkptbFkRsjZoVqh,1.6470588235294117,1.6470588235294117
R_1j8Itci3lzqzcCJ,1.8,1.1714285714285715
R_3nrtcl1Z6ggc9TF,0.8571428571428571,-0.42857142857142855
R_2tsdaBijdfTc0Ia,1.3428571428571427,1.0
R_2rVdIFEpk250Y3u,1.6129032258064515,1.3548387096774193
R_28UnC65PbUbwggz,2.3714285714285714,2.3714285714285714
R_0OsPhC57tiO8gsp,1.9714285714285715,1.7428571428571429
R_2bIhkVRmnDUbZEb,2.257142857142857,2.2
R_2AYmw7Kk5zllfSt,1.121212121212121,0.696969696969697
R_3HzZQsVX7mhh9R3,1.8108108108108107,1.7027027027027026
R_11j4G6A82vjqZMU,1.7073170731707317,1.6585365853658536
R_2QMbp4kV5nS4DLG,1.9722222222222223,1.3055555555555556
R_29nQrzpzx3Db3Do,1.935483870967742,1.3548387096774193
R_1o5aULEwmxo297d,2.0,1.8857142857142857
R_1irEmD4K8CeF0Mi,2.2285714285714286,1.7142857142857142
R_28RKAjh2Z5UFFcS,1.8235294117647058,1.4705882352941178
R_1n7ULwxFfx8VIg1,1.3636363636363635,1.3636363636363635
R_3j3xyQUf5zVcyyt,2.5675675675675675,2.5675675675675675
R_2TLDa7LA59xbper,2.0285714285714285,1.9714285714285715
R_1Gy59n13mfunTEp,2.1714285714285713,2.1714285714285713
R_1gFJtHhkZAiPZ7U,2.1142857142857143,2.1142857142857143
R_czEx5NsBUJ3hzm9,2.5428571428571427,2.5428571428571427
R_xirYgVe4hr0mlEZ,2.5428571428571427,2.5428571428571427
R_1NFxsU7RHpXmU71,1.4473684210526316,1.3421052631578947
R_2U5zJmP6MXBO2Bb,1.8888888888888888,1.8888888888888888
R_3h0yhNQqbGdjS4e,1.9473684210526316,1.9473684210526316
R_2WBWCwsKqjFRoKL,1.868421052631579,1.868421052631579
R_2z6Zo37KK0kWIMg,1.3157894736842106,1.2105263157894737
R_1kI8Upuv7EwmXjp,1.5142857142857142,1.5142857142857142
R_Wkaieu2q0rssuPv,1.7714285714285714,1.7714285714285714
R_2zdRDDm649MLlOW,1.8214285714285714,1.75
R_3fK915CmnLJVdoW,2.5483870967741935,2.5483870967741935
R_1db4FbRj6d2GTRr,1.8235294117647058,1.7647058823529411
R_1QLpcYPsdocjouv,2.4857142857142858,2.4857142857142858
R_3fwSDALMLEqazzp,1.542857142857143,0.5142857142857142
R_31BecV3vyQtvKjh,2.3714285714285714,2.3714285714285714
R_em5F15fOQxDllip,1.3714285714285714,0.0
R_3QFr7vuekjWfELH,1.1176470588235294,0.11764705882352941
R_27CD68tr1hMFRjD,2.0,2.0
R_2TubmbVqpe4SaTx,1.1428571428571428,1.0857142857142856
R_3hbvt16QK17tNXf,2.2,2.2
R_3G36MQsuPmGwFx6,1.411764705882353,1.0
R_0etnb4hkBrJIOOZ,1.962962962962963,1.962962962962963
R_PCG9jgu7YKE6NDH,1.6875,1.625
R_2fx79t60cylNlow,1.0,0.7777777777777778
R_3J9PvEp12q3S2m6,1.9310344827586208,1.2413793103448276
R_3fiN0bsii6Ajvoo,1.064516129032258,-0.2903225806451613
R_1IBiaMy17TyKRDz,2.6666666666666665,2.6666666666666665
R_1NxEKnduYSJpiJR,1.1428571428571428,0.34285714285714286
R_31saXZM7aH12ElY,1.1875,0.4375
R_02Kt90m9vxg3qx3,1.4,0.2
R_udzzmsufiFdoB3P,1.6571428571428573,1.4857142857142858
