model,value_type,total_flips_free_text,mean_flip_rate_free_text,total_flips_verbalized,mean_flip_rate_verbalized
Apertus-8B-Instruct,care,262,0.0873333333333333,1257,0.419
Apertus-8B-Instruct,purity,300,0.1,1222,0.4073333333333334
Apertus-8B-Instruct,authority,234,0.078,1213,0.4043333333333332
Apertus-8B-Instruct,proportionality,246,0.082,1191,0.397
Apertus-8B-Instruct,loyalty,265,0.0883333333333333,1136,0.3786666666666667
Apertus-8B-Instruct,equality,283,0.0943333333333333,889,0.2963333333333333
Falcon3-7B-Instruct,equality,315,0.1049999999999999,508,0.1693333333333333
Falcon3-7B-Instruct,loyalty,254,0.0846666666666666,481,0.1603333333333333
Falcon3-7B-Instruct,proportionality,287,0.0956666666666666,461,0.1536666666666666
Falcon3-7B-Instruct,authority,234,0.078,433,0.1443333333333333
Falcon3-7B-Instruct,purity,253,0.0843333333333333,403,0.1343333333333333
Falcon3-7B-Instruct,care,245,0.0816666666666666,366,0.122
Llama-3.1-8B-Instruct,authority,250,0.0833333333333333,269,0.0896666666666666
Llama-3.1-8B-Instruct,equality,288,0.0959999999999999,264,0.088
Llama-3.1-8B-Instruct,loyalty,212,0.0706666666666666,255,0.085
Llama-3.1-8B-Instruct,proportionality,281,0.0936666666666666,248,0.0826666666666666
Llama-3.1-8B-Instruct,care,208,0.0693333333333333,242,0.0806666666666666
Llama-3.1-8B-Instruct,purity,206,0.0686666666666666,207,0.0689999999999999
Ministral-3-8B-Instruct-2512,loyalty,575,0.1916666666666666,367,0.1223333333333333
Ministral-3-8B-Instruct-2512,equality,502,0.1673333333333333,308,0.1026666666666666
Ministral-3-8B-Instruct-2512,proportionality,506,0.1686666666666666,290,0.0966666666666666
Ministral-3-8B-Instruct-2512,care,448,0.1493333333333333,289,0.0963333333333333
Ministral-3-8B-Instruct-2512,authority,474,0.158,280,0.0933333333333333
Ministral-3-8B-Instruct-2512,purity,337,0.1123333333333333,239,0.0796666666666666
Olmo-3-7B-Instruct,loyalty,332,0.1106666666666666,524,0.1746666666666666
Olmo-3-7B-Instruct,authority,421,0.1403333333333333,493,0.1643333333333333
Olmo-3-7B-Instruct,equality,528,0.176,484,0.1613333333333333
Olmo-3-7B-Instruct,proportionality,433,0.1443333333333333,471,0.157
Olmo-3-7B-Instruct,care,304,0.1013333333333333,463,0.1543333333333333
Olmo-3-7B-Instruct,purity,419,0.1396666666666666,451,0.1503333333333333
Qwen3-8B,purity,305,0.1016666666666666,558,0.186
Qwen3-8B,proportionality,329,0.1096666666666666,472,0.1573333333333333
Qwen3-8B,care,287,0.0956666666666666,472,0.1573333333333333
Qwen3-8B,equality,328,0.1093333333333333,427,0.1423333333333333
Qwen3-8B,authority,318,0.1059999999999999,426,0.142
Qwen3-8B,loyalty,347,0.1156666666666666,349,0.1163333333333333
