id,dataset_label,n_flips_free_text,flip_rate_free_text,n_flips_to_hate_free_text,n_flips_to_not_hate_free_text,n_flips_verbalized,flip_rate_verbalized,n_flips_to_hate_verbalized,n_flips_to_not_hate_verbalized,abs_diff_flip_rate
175,1,83,0.1820175438596491,65,18,299,0.6557017543859649,150,149,0.4736842105263158
374,0,10,0.0219298245614035,10,0,219,0.4802631578947368,136,83,0.45833333333333326
172,1,151,0.3311403508771929,139,12,355,0.7785087719298246,225,130,0.4473684210526317
0,1,26,0.0570175438596491,26,0,223,0.4890350877192982,112,111,0.43201754385964913
470,0,10,0.0219298245614035,1,9,204,0.4473684210526316,110,94,0.42543859649122806
13,1,27,0.0592105263157894,0,27,214,0.4692982456140351,73,141,0.4100877192982457
356,0,46,0.1008771929824561,45,1,232,0.5087719298245614,147,85,0.4078947368421053
396,0,40,0.087719298245614,27,13,224,0.4912280701754385,148,76,0.4035087719298245
58,1,7,0.0153508771929824,0,7,187,0.4100877192982456,39,148,0.3947368421052632
93,1,54,0.1184210526315789,25,29,225,0.4934210526315789,90,135,0.375
89,1,49,0.1074561403508772,36,13,217,0.4758771929824561,141,76,0.3684210526315789
201,1,35,0.0767543859649122,34,1,194,0.425438596491228,75,119,0.3486842105263158
157,1,19,0.0416666666666666,15,4,173,0.3793859649122807,83,90,0.3377192982456141
388,0,16,0.0350877192982456,0,16,166,0.3640350877192982,0,166,0.3289473684210526
113,1,3,0.006578947368421,3,0,151,0.3311403508771929,28,123,0.3245614035087719
306,0,141,0.3092105263157895,128,13,287,0.6293859649122807,202,85,0.3201754385964912
27,1,160,0.3508771929824561,93,67,17,0.0372807017543859,10,7,0.3135964912280702
390,0,181,0.3969298245614035,153,28,39,0.0855263157894736,39,0,0.3114035087719299
119,1,30,0.0657894736842105,17,13,168,0.3684210526315789,76,92,0.3026315789473684
62,1,53,0.1162280701754386,43,10,191,0.418859649122807,99,92,0.30263157894736836
397,0,154,0.337719298245614,129,25,17,0.0372807017543859,17,0,0.30043859649122806
482,0,35,0.0767543859649122,21,14,168,0.3684210526315789,62,106,0.29166666666666674
30,1,78,0.1710526315789473,76,2,211,0.462719298245614,135,76,0.2916666666666667
428,0,120,0.2631578947368421,76,44,251,0.5504385964912281,152,99,0.28728070175438597
294,0,66,0.1447368421052631,64,2,197,0.4320175438596491,75,122,0.28728070175438597
3,1,13,0.0285087719298245,0,13,143,0.3135964912280701,0,143,0.2850877192982456
173,1,40,0.087719298245614,23,17,169,0.3706140350877193,91,78,0.2828947368421053
200,1,34,0.0745614035087719,13,21,163,0.3574561403508772,75,88,0.2828947368421053
380,0,73,0.1600877192982456,63,10,201,0.4407894736842105,126,75,0.2807017543859649
129,1,38,0.0833333333333333,0,38,165,0.3618421052631579,0,165,0.2785087719298246
38,1,47,0.1030701754385964,43,4,173,0.3793859649122807,118,55,0.2763157894736843
459,0,3,0.006578947368421,0,3,129,0.2828947368421052,0,129,0.2763157894736842
136,1,60,0.131578947368421,60,0,186,0.4078947368421052,107,79,0.2763157894736842
460,0,80,0.175438596491228,76,4,204,0.4473684210526316,76,128,0.2719298245614036
298,0,54,0.1184210526315789,21,33,174,0.3815789473684211,74,100,0.26315789473684215
235,1,30,0.0657894736842105,30,0,150,0.3289473684210526,73,77,0.2631578947368421
316,0,30,0.0657894736842105,0,30,149,0.3267543859649123,0,149,0.2609649122807018
126,1,1,0.0021929824561403,0,1,119,0.2609649122807017,0,119,0.2587719298245614
342,0,10,0.0219298245614035,2,8,127,0.2785087719298245,50,77,0.25657894736842096
110,1,44,0.0964912280701754,43,1,159,0.3486842105263157,76,83,0.2521929824561403
277,0,0,0.0,0,0,115,0.2521929824561403,0,115,0.2521929824561403
245,1,77,0.168859649122807,77,0,190,0.4166666666666667,147,43,0.2478070175438597
399,0,73,0.1600877192982456,3,70,186,0.4078947368421052,39,147,0.2478070175438596
331,0,122,0.2675438596491228,122,0,10,0.0219298245614035,10,0,0.2456140350877193
67,1,60,0.131578947368421,37,23,171,0.375,64,107,0.243421052631579
216,1,31,0.0679824561403508,1,30,142,0.3114035087719298,0,142,0.24342105263157898
286,0,21,0.0460526315789473,19,2,131,0.2872807017543859,69,62,0.24122807017543862
378,0,19,0.0416666666666666,6,13,128,0.2807017543859649,37,91,0.2390350877192983
430,0,3,0.006578947368421,3,0,111,0.2434210526315789,111,0,0.2368421052631579
82,1,14,0.0307017543859649,0,14,121,0.2653508771929824,0,121,0.2346491228070175
443,0,38,0.0833333333333333,38,0,145,0.3179824561403508,77,68,0.2346491228070175
481,0,120,0.2631578947368421,117,3,225,0.4934210526315789,132,93,0.23026315789473684
17,1,38,0.0833333333333333,15,23,142,0.3114035087719298,46,96,0.22807017543859648
438,0,4,0.0087719298245614,0,4,108,0.2368421052631578,2,106,0.2280701754385964
491,0,80,0.175438596491228,80,0,183,0.4013157894736842,114,69,0.22587719298245618
12,1,18,0.0394736842105263,1,17,121,0.2653508771929824,0,121,0.2258771929824561
9,1,89,0.1951754385964912,11,78,192,0.4210526315789473,0,192,0.2258771929824561
420,0,142,0.3114035087719298,142,0,40,0.087719298245614,40,0,0.2236842105263158
171,1,72,0.1578947368421052,68,4,173,0.3793859649122807,80,93,0.22149122807017552
21,1,40,0.087719298245614,0,40,141,0.3092105263157895,0,141,0.2214912280701755
303,0,126,0.2763157894736842,116,10,227,0.4978070175438596,152,75,0.2214912280701754
327,0,52,0.1140350877192982,50,2,152,0.3333333333333333,76,76,0.2192982456140351
333,0,21,0.0460526315789473,1,20,121,0.2653508771929824,40,81,0.2192982456140351
180,1,52,0.1140350877192982,52,0,149,0.3267543859649123,148,1,0.21271929824561409
287,0,48,0.1052631578947368,0,48,145,0.3179824561403508,0,145,0.21271929824561403
335,0,14,0.0307017543859649,0,14,110,0.2412280701754386,0,110,0.2105263157894737
455,0,105,0.2302631578947368,105,0,9,0.0197368421052631,9,0,0.2105263157894737
280,0,59,0.1293859649122807,1,58,153,0.3355263157894737,0,153,0.20614035087719298
292,0,59,0.1293859649122807,0,59,152,0.3333333333333333,0,152,0.20394736842105263
368,0,26,0.0570175438596491,3,23,119,0.2609649122807017,29,90,0.20394736842105257
234,1,61,0.1337719298245614,34,27,153,0.3355263157894737,76,77,0.20175438596491227
121,1,62,0.1359649122807017,0,62,153,0.3355263157894737,0,153,0.19956140350877197
99,1,67,0.1469298245614035,67,0,158,0.3464912280701754,140,18,0.1995614035087719
107,1,0,0.0,0,0,91,0.1995614035087719,0,91,0.1995614035087719
141,1,34,0.0745614035087719,34,0,124,0.2719298245614035,58,66,0.19736842105263164
122,1,159,0.3486842105263157,159,0,248,0.543859649122807,201,47,0.19517543859649134
387,0,89,0.1951754385964912,58,31,178,0.3903508771929824,69,109,0.1951754385964912
225,1,64,0.1403508771929824,43,21,152,0.3333333333333333,76,76,0.19298245614035092
486,0,48,0.1052631578947368,12,36,135,0.2960526315789473,74,61,0.1907894736842105
268,0,39,0.0855263157894736,0,39,125,0.2741228070175439,0,125,0.18859649122807026
189,1,94,0.2061403508771929,94,0,180,0.3947368421052631,123,57,0.1885964912280702
432,0,96,0.2105263157894736,96,0,10,0.0219298245614035,10,0,0.1885964912280701
261,0,8,0.0175438596491228,1,7,94,0.2061403508771929,0,94,0.1885964912280701
493,0,10,0.0219298245614035,1,9,95,0.2083333333333333,17,78,0.1864035087719298
4,1,70,0.1535087719298245,0,70,153,0.3355263157894737,7,146,0.18201754385964916
169,1,92,0.2017543859649122,64,28,174,0.3815789473684211,33,141,0.1798245614035089
411,0,173,0.3793859649122807,151,22,255,0.5592105263157895,150,105,0.17982456140350878
74,1,16,0.0350877192982456,0,16,98,0.2149122807017544,0,98,0.17982456140350878
92,1,58,0.1271929824561403,0,58,140,0.3070175438596491,0,140,0.17982456140350878
242,1,64,0.1403508771929824,64,0,145,0.3179824561403508,76,69,0.17763157894736842
457,0,4,0.0087719298245614,0,4,85,0.1864035087719298,0,85,0.1776315789473684
61,1,121,0.2653508771929824,121,0,40,0.087719298245614,39,1,0.1776315789473684
34,1,3,0.006578947368421,0,3,83,0.1820175438596491,0,83,0.17543859649122812
137,1,1,0.0021929824561403,0,1,81,0.1776315789473684,0,81,0.1754385964912281
357,0,107,0.2346491228070175,107,0,27,0.0592105263157894,27,0,0.1754385964912281
350,0,10,0.0219298245614035,0,10,90,0.1973684210526315,0,90,0.175438596491228
168,1,21,0.0460526315789473,12,9,100,0.219298245614035,27,73,0.1732456140350877
465,0,242,0.5307017543859649,99,143,164,0.3596491228070175,76,88,0.1710526315789474
142,1,1,0.0021929824561403,0,1,79,0.1732456140350877,0,79,0.1710526315789474
340,0,6,0.0131578947368421,5,1,84,0.1842105263157894,77,7,0.17105263157894732
48,1,116,0.2543859649122807,64,52,194,0.425438596491228,76,118,0.1710526315789473
454,0,39,0.0855263157894736,39,0,116,0.2543859649122807,113,3,0.1688596491228071
101,1,68,0.1491228070175438,68,0,145,0.3179824561403508,76,69,0.16885964912280702
120,1,123,0.2697368421052631,123,0,46,0.1008771929824561,46,0,0.16885964912280702
322,0,8,0.0175438596491228,0,8,84,0.1842105263157894,0,84,0.1666666666666666
361,0,14,0.0307017543859649,0,14,90,0.1973684210526315,0,90,0.1666666666666666
2,1,33,0.0723684210526315,0,33,108,0.2368421052631578,0,108,0.1644736842105263
384,0,37,0.0811403508771929,15,22,112,0.2456140350877192,33,79,0.1644736842105263
70,1,3,0.006578947368421,0,3,78,0.1710526315789473,0,78,0.1644736842105263
139,1,17,0.0372807017543859,0,17,92,0.2017543859649122,0,92,0.16447368421052627
345,0,64,0.1403508771929824,59,5,137,0.300438596491228,123,14,0.1600877192982456
265,0,21,0.0460526315789473,13,8,94,0.2061403508771929,1,93,0.1600877192982456
40,1,20,0.043859649122807,0,20,93,0.2039473684210526,0,93,0.1600877192982456
193,1,28,0.0614035087719298,0,28,101,0.2214912280701754,0,101,0.1600877192982456
218,1,67,0.1469298245614035,0,67,140,0.3070175438596491,0,140,0.16008771929824558
435,0,86,0.1885964912280701,65,21,158,0.3464912280701754,80,78,0.1578947368421053
355,0,29,0.0635964912280701,25,4,101,0.2214912280701754,5,96,0.1578947368421053
124,1,111,0.2434210526315789,44,67,183,0.4013157894736842,33,150,0.15789473684210528
198,1,96,0.2105263157894736,96,0,24,0.0526315789473684,22,2,0.1578947368421052
145,1,79,0.1732456140350877,79,0,151,0.3311403508771929,150,1,0.1578947368421052
339,0,7,0.0153508771929824,0,7,78,0.1710526315789473,1,77,0.1557017543859649
336,0,1,0.0021929824561403,0,1,72,0.1578947368421052,0,72,0.1557017543859649
159,1,74,0.1622807017543859,37,37,144,0.3157894736842105,66,78,0.15350877192982462
140,1,7,0.0153508771929824,0,7,77,0.168859649122807,0,77,0.1535087719298246
334,0,29,0.0635964912280701,0,29,99,0.2171052631578947,0,99,0.1535087719298246
288,0,118,0.2587719298245614,118,0,188,0.4122807017543859,125,63,0.15350877192982454
217,1,6,0.0131578947368421,0,6,76,0.1666666666666666,0,76,0.1535087719298245
312,0,74,0.1622807017543859,0,74,143,0.3135964912280701,0,143,0.1513157894736842
161,1,47,0.1030701754385964,47,0,115,0.2521929824561403,112,3,0.1491228070175439
262,0,68,0.1491228070175438,68,0,0,0.0,0,0,0.1491228070175438
358,0,161,0.3530701754385965,152,9,228,0.5,152,76,0.14692982456140352
104,1,3,0.006578947368421,0,3,69,0.1513157894736842,0,69,0.14473684210526322
239,1,13,0.0285087719298245,11,2,79,0.1732456140350877,3,76,0.1447368421052632
376,0,149,0.3267543859649123,68,81,84,0.1842105263157894,6,78,0.1425438596491229
127,1,84,0.1842105263157894,0,84,149,0.3267543859649123,0,149,0.1425438596491229
283,0,3,0.006578947368421,0,3,68,0.1491228070175438,0,68,0.1425438596491228
476,0,85,0.1864035087719298,82,3,149,0.3267543859649123,101,48,0.1403508771929825
133,1,86,0.1885964912280701,47,39,150,0.3289473684210526,76,74,0.1403508771929825
55,1,9,0.0197368421052631,0,9,73,0.1600877192982456,0,73,0.1403508771929825
317,0,106,0.2324561403508772,86,20,170,0.3728070175438596,92,78,0.1403508771929824
315,0,11,0.0241228070175438,5,6,74,0.1622807017543859,43,31,0.1381578947368421
125,1,4,0.0087719298245614,0,4,67,0.1469298245614035,0,67,0.1381578947368421
444,0,88,0.1929824561403508,17,71,151,0.3311403508771929,75,76,0.1381578947368421
453,0,55,0.1206140350877193,48,7,117,0.2565789473684211,25,92,0.1359649122807018
224,1,39,0.0855263157894736,0,39,99,0.2171052631578947,0,99,0.13157894736842107
177,1,99,0.2171052631578947,99,0,39,0.0855263157894736,39,0,0.13157894736842107
132,1,18,0.0394736842105263,0,18,78,0.1710526315789473,0,78,0.131578947368421
184,1,113,0.2478070175438596,113,0,54,0.1184210526315789,54,0,0.1293859649122807
441,0,117,0.2565789473684211,73,44,176,0.3859649122807017,100,76,0.1293859649122806
347,0,1,0.0021929824561403,0,1,58,0.1271929824561403,0,58,0.125
389,0,48,0.1052631578947368,0,48,105,0.2302631578947368,0,105,0.125
499,0,144,0.3157894736842105,90,54,201,0.4407894736842105,119,82,0.125
103,1,3,0.006578947368421,0,3,60,0.131578947368421,0,60,0.12499999999999999
304,0,14,0.0307017543859649,0,14,70,0.1535087719298245,0,70,0.12280701754385961
155,1,58,0.1271929824561403,58,0,2,0.0043859649122807,2,0,0.1228070175438596
309,0,152,0.3333333333333333,106,46,208,0.4561403508771929,109,99,0.12280701754385959
232,1,90,0.1973684210526315,72,18,145,0.3179824561403508,76,69,0.12061403508771931
57,1,27,0.0592105263157894,3,24,82,0.1798245614035087,1,81,0.12061403508771928
372,0,1,0.0021929824561403,0,1,55,0.1206140350877193,0,55,0.118421052631579
192,1,17,0.0372807017543859,11,6,71,0.1557017543859649,34,37,0.118421052631579
392,0,72,0.1578947368421052,72,0,18,0.0394736842105263,18,0,0.1184210526315789
426,0,8,0.0175438596491228,8,0,62,0.1359649122807017,62,0,0.1184210526315789
24,1,20,0.043859649122807,8,12,73,0.1600877192982456,0,73,0.11622807017543861
305,0,16,0.0350877192982456,16,0,69,0.1513157894736842,5,64,0.11622807017543861
284,0,134,0.293859649122807,134,0,81,0.1776315789473684,79,2,0.1162280701754386
190,1,53,0.1162280701754386,0,53,0,0.0,0,0,0.1162280701754386
35,1,101,0.2214912280701754,76,25,154,0.337719298245614,76,78,0.11622807017543857
480,0,159,0.3486842105263157,85,74,106,0.2324561403508772,20,86,0.11622807017543851
447,0,143,0.3135964912280701,128,15,195,0.4276315789473684,119,76,0.11403508771929832
408,0,88,0.1929824561403508,88,0,140,0.3070175438596491,140,0,0.11403508771929827
442,0,52,0.1140350877192982,52,0,0,0.0,0,0,0.1140350877192982
50,1,16,0.0350877192982456,0,16,68,0.1491228070175438,0,68,0.1140350877192982
341,0,16,0.0350877192982456,6,10,68,0.1491228070175438,1,67,0.1140350877192982
25,1,77,0.168859649122807,13,64,128,0.2807017543859649,26,102,0.11184210526315791
96,1,16,0.0350877192982456,0,16,67,0.1469298245614035,0,67,0.1118421052631579
314,0,83,0.1820175438596491,83,0,133,0.2916666666666667,133,0,0.10964912280701758
52,1,154,0.337719298245614,152,2,104,0.2280701754385964,104,0,0.10964912280701758
289,0,0,0.0,0,0,50,0.1096491228070175,0,50,0.1096491228070175
5,1,88,0.1929824561403508,66,22,39,0.0855263157894736,25,14,0.10745614035087721
439,0,167,0.3662280701754385,74,93,216,0.4736842105263157,135,81,0.1074561403508772
188,1,27,0.0592105263157894,0,27,76,0.1666666666666666,0,76,0.1074561403508772
437,0,73,0.1600877192982456,72,1,122,0.2675438596491228,109,13,0.1074561403508772
29,1,37,0.0811403508771929,0,37,86,0.1885964912280701,0,86,0.1074561403508772
416,0,107,0.2346491228070175,107,0,59,0.1293859649122807,59,0,0.10526315789473681
463,0,113,0.2478070175438596,113,0,65,0.1425438596491228,65,0,0.10526315789473678
228,1,87,0.1907894736842105,87,0,40,0.087719298245614,29,11,0.1030701754385965
375,0,1,0.0021929824561403,0,1,48,0.1052631578947368,0,48,0.10307017543859649
227,1,38,0.0833333333333333,0,38,85,0.1864035087719298,0,85,0.10307017543859649
111,1,160,0.3508771929824561,142,18,207,0.4539473684210526,131,76,0.10307017543859648
45,1,9,0.0197368421052631,7,2,55,0.1206140350877193,13,42,0.1008771929824562
385,0,194,0.425438596491228,72,122,148,0.3245614035087719,38,110,0.10087719298245612
472,0,119,0.2609649122807017,119,0,73,0.1600877192982456,73,0,0.10087719298245607
318,0,24,0.0526315789473684,0,24,69,0.1513157894736842,0,69,0.09868421052631582
130,1,31,0.0679824561403508,0,31,76,0.1666666666666666,0,76,0.0986842105263158
138,1,67,0.1469298245614035,67,0,22,0.0482456140350877,22,0,0.09868421052631579
477,0,50,0.1096491228070175,50,0,5,0.0109649122807017,5,0,0.09868421052631579
15,1,1,0.0021929824561403,0,1,46,0.1008771929824561,0,46,0.09868421052631579
489,0,69,0.1513157894736842,69,0,114,0.25,114,0,0.09868421052631579
19,1,135,0.2960526315789473,135,0,179,0.3925438596491228,136,43,0.09649122807017552
370,0,162,0.3552631578947368,112,50,206,0.4517543859649123,110,96,0.09649122807017552
484,0,134,0.293859649122807,134,0,90,0.1973684210526315,90,0,0.09649122807017549
237,1,0,0.0,0,0,44,0.0964912280701754,0,44,0.0964912280701754
386,0,95,0.2083333333333333,50,45,138,0.3026315789473684,58,80,0.09429824561403513
76,1,46,0.1008771929824561,46,0,3,0.006578947368421,3,0,0.09429824561403509
81,1,16,0.0350877192982456,0,16,59,0.1293859649122807,0,59,0.09429824561403509
223,1,21,0.0460526315789473,0,21,63,0.1381578947368421,0,63,0.09210526315789479
326,0,1,0.0021929824561403,0,1,43,0.094298245614035,0,43,0.0921052631578947
196,1,29,0.0635964912280701,0,29,70,0.1535087719298245,0,70,0.08991228070175442
319,0,24,0.0526315789473684,0,24,65,0.1425438596491228,0,65,0.08991228070175442
195,1,48,0.1052631578947368,47,1,7,0.0153508771929824,1,6,0.08991228070175439
382,0,188,0.4122807017543859,188,0,229,0.5021929824561403,229,0,0.08991228070175439
461,0,182,0.3991228070175439,154,28,223,0.4890350877192982,147,76,0.08991228070175433
267,0,17,0.0372807017543859,0,17,57,0.125,0,57,0.0877192982456141
344,0,77,0.168859649122807,74,3,117,0.2565789473684211,41,76,0.08771929824561409
483,0,107,0.2346491228070175,91,16,147,0.3223684210526316,71,76,0.08771929824561409
148,1,120,0.2631578947368421,90,30,160,0.3508771929824561,84,76,0.08771929824561403
464,0,192,0.4210526315789473,154,38,152,0.3333333333333333,125,27,0.08771929824561397
65,1,39,0.0855263157894736,0,39,0,0.0,0,0,0.0855263157894736
153,1,4,0.0087719298245614,0,4,43,0.094298245614035,0,43,0.0855263157894736
170,1,87,0.1907894736842105,85,2,125,0.2741228070175439,50,75,0.08333333333333337
450,0,49,0.1074561403508772,2,47,87,0.1907894736842105,25,62,0.08333333333333331
49,1,97,0.212719298245614,63,34,59,0.1293859649122807,19,40,0.08333333333333331
7,1,38,0.0833333333333333,38,0,76,0.1666666666666666,75,1,0.0833333333333333
466,0,38,0.0833333333333333,38,0,76,0.1666666666666666,76,0,0.0833333333333333
249,1,51,0.1118421052631579,0,51,89,0.1951754385964912,0,89,0.0833333333333333
469,0,20,0.043859649122807,0,20,58,0.1271929824561403,0,58,0.0833333333333333
37,1,131,0.2872807017543859,21,110,94,0.2061403508771929,17,77,0.08114035087719301
360,0,34,0.0745614035087719,0,34,71,0.1557017543859649,0,71,0.081140350877193
324,0,39,0.0855263157894736,38,1,76,0.1666666666666666,0,76,0.081140350877193
11,1,41,0.0899122807017543,0,41,5,0.0109649122807017,0,5,0.0789473684210526
479,0,38,0.0833333333333333,0,38,74,0.1622807017543859,0,74,0.07894736842105259
162,1,41,0.0899122807017543,3,38,76,0.1666666666666666,0,76,0.0767543859649123
63,1,7,0.0153508771929824,0,7,42,0.0921052631578947,0,42,0.0767543859649123
473,0,40,0.087719298245614,40,0,5,0.0109649122807017,5,0,0.0767543859649123
238,1,12,0.0263157894736842,0,12,47,0.1030701754385964,0,47,0.0767543859649122
445,0,52,0.1140350877192982,15,37,18,0.0394736842105263,18,0,0.0745614035087719
421,0,5,0.0109649122807017,0,5,38,0.0833333333333333,0,38,0.0723684210526316
395,0,35,0.0767543859649122,35,0,2,0.0043859649122807,2,0,0.0723684210526315
105,1,151,0.3311403508771929,151,0,183,0.4013157894736842,119,64,0.07017543859649128
377,0,36,0.0789473684210526,15,21,4,0.0087719298245614,4,0,0.0701754385964912
212,1,81,0.1776315789473684,81,0,49,0.1074561403508772,49,0,0.0701754385964912
379,0,103,0.2258771929824561,0,103,134,0.293859649122807,0,134,0.0679824561403509
20,1,32,0.0701754385964912,0,32,1,0.0021929824561403,0,1,0.0679824561403509
422,0,32,0.0701754385964912,0,32,1,0.0021929824561403,0,1,0.0679824561403509
313,0,124,0.2719298245614035,121,3,155,0.3399122807017544,123,32,0.06798245614035087
462,0,87,0.1907894736842105,87,0,118,0.2587719298245614,118,0,0.06798245614035087
56,1,33,0.0723684210526315,0,33,2,0.0043859649122807,0,2,0.0679824561403508
149,1,103,0.2258771929824561,62,41,133,0.2916666666666667,76,57,0.06578947368421059
329,0,58,0.1271929824561403,28,30,88,0.1929824561403508,76,12,0.06578947368421051
6,1,16,0.0350877192982456,16,0,46,0.1008771929824561,28,18,0.0657894736842105
349,0,121,0.2653508771929824,83,38,150,0.3289473684210526,78,72,0.0635964912280702
490,0,100,0.219298245614035,82,18,129,0.2828947368421052,53,76,0.0635964912280702
47,1,39,0.0855263157894736,1,38,68,0.1491228070175438,0,68,0.06359649122807019
417,0,73,0.1600877192982456,69,4,102,0.2236842105263158,26,76,0.06359649122807018
26,1,104,0.2280701754385964,104,0,75,0.1644736842105263,75,0,0.0635964912280701
403,0,108,0.2368421052631578,0,108,136,0.2982456140350877,0,136,0.061403508771929904
263,0,4,0.0087719298245614,4,0,32,0.0701754385964912,20,12,0.06140350877192979
253,0,74,0.1622807017543859,56,18,101,0.2214912280701754,25,76,0.05921052631578952
219,1,207,0.4539473684210526,207,0,180,0.3947368421052631,180,0,0.05921052631578949
18,1,177,0.3881578947368421,177,0,150,0.3289473684210526,150,0,0.05921052631578949
250,0,9,0.0197368421052631,0,9,35,0.0767543859649122,0,35,0.0570175438596491
424,0,29,0.0635964912280701,28,1,3,0.006578947368421,0,3,0.05701754385964909
456,0,160,0.3508771929824561,147,13,186,0.4078947368421052,107,79,0.05701754385964908
100,1,24,0.0526315789473684,0,24,49,0.1074561403508772,0,49,0.0548245614035088
85,1,139,0.3048245614035088,139,0,164,0.3596491228070175,88,76,0.05482456140350872
419,0,106,0.2324561403508772,56,50,131,0.2872807017543859,55,76,0.05482456140350872
215,1,14,0.0307017543859649,0,14,39,0.0855263157894736,0,39,0.054824561403508706
352,0,41,0.0899122807017543,0,41,65,0.1425438596491228,0,65,0.0526315789473685
183,1,218,0.4780701754385965,149,69,194,0.425438596491228,122,72,0.052631578947368474
414,0,46,0.1008771929824561,18,28,70,0.1535087719298245,0,70,0.05263157894736842
471,0,4,0.0087719298245614,4,0,28,0.0614035087719298,23,5,0.052631578947368404
66,1,26,0.0570175438596491,0,26,2,0.0043859649122807,0,2,0.0526315789473684
346,0,60,0.131578947368421,60,0,36,0.0789473684210526,26,10,0.05263157894736839
405,0,113,0.2478070175438596,111,2,89,0.1951754385964912,71,18,0.05263157894736839
362,0,144,0.3157894736842105,144,0,121,0.2653508771929824,121,0,0.050438596491228116
156,1,28,0.0614035087719298,0,28,5,0.0109649122807017,0,5,0.0504385964912281
115,1,35,0.0767543859649122,35,0,58,0.1271929824561403,23,35,0.0504385964912281
367,0,9,0.0197368421052631,0,9,32,0.0701754385964912,0,32,0.050438596491228095
264,0,99,0.2171052631578947,99,0,76,0.1666666666666666,76,0,0.05043859649122809
71,1,108,0.2368421052631578,75,33,85,0.1864035087719298,22,63,0.050438596491228005
233,1,23,0.050438596491228,0,23,0,0.0,0,0,0.050438596491228
230,1,127,0.2785087719298245,95,32,149,0.3267543859649123,73,76,0.048245614035087814
258,0,188,0.4122807017543859,177,11,166,0.3640350877192982,90,76,0.0482456140350877
32,1,22,0.0482456140350877,0,22,0,0.0,0,0,0.0482456140350877
412,0,103,0.2258771929824561,33,70,81,0.1776315789473684,0,81,0.0482456140350877
275,0,79,0.1732456140350877,6,73,57,0.125,19,38,0.0482456140350877
164,1,23,0.050438596491228,0,23,45,0.0986842105263157,0,45,0.048245614035087696
274,0,22,0.0482456140350877,0,22,1,0.0021929824561403,0,1,0.0460526315789474
42,1,34,0.0745614035087719,0,34,13,0.0285087719298245,0,13,0.0460526315789474
436,0,131,0.2872807017543859,61,70,110,0.2412280701754386,34,76,0.04605263157894732
144,1,141,0.3092105263157895,141,0,162,0.3552631578947368,162,0,0.04605263157894729
364,0,94,0.2061403508771929,94,0,73,0.1600877192982456,73,0,0.04605263157894729
75,1,110,0.2412280701754386,75,35,90,0.1973684210526315,76,14,0.0438596491228071
458,0,41,0.0899122807017543,40,1,21,0.0460526315789473,21,0,0.043859649122807
433,0,146,0.3201754385964912,63,83,127,0.2785087719298245,49,78,0.04166666666666674
449,0,3,0.006578947368421,0,3,22,0.0482456140350877,0,22,0.0416666666666667
182,1,38,0.0833333333333333,0,38,57,0.125,0,57,0.0416666666666667
73,1,146,0.3201754385964912,59,87,165,0.3618421052631579,4,161,0.041666666666666685
276,0,158,0.3464912280701754,140,18,177,0.3881578947368421,152,25,0.041666666666666685
282,0,19,0.0416666666666666,19,0,0,0.0,0,0,0.0416666666666666
404,0,19,0.0416666666666666,19,0,0,0.0,0,0,0.0416666666666666
91,1,19,0.0416666666666666,0,19,0,0.0,0,0,0.0416666666666666
423,0,64,0.1403508771929824,39,25,82,0.1798245614035087,54,28,0.0394736842105263
181,1,94,0.2061403508771929,89,5,76,0.1666666666666666,75,1,0.0394736842105263
410,0,18,0.0394736842105263,18,0,0,0.0,0,0,0.0394736842105263
94,1,18,0.0394736842105263,0,18,0,0.0,0,0,0.0394736842105263
165,1,138,0.3026315789473684,108,30,156,0.3421052631578947,77,79,0.03947368421052627
209,1,18,0.0394736842105263,0,18,1,0.0021929824561403,0,1,0.037280701754386
8,1,77,0.168859649122807,77,0,60,0.131578947368421,60,0,0.037280701754386
203,1,49,0.1074561403508772,0,49,32,0.0701754385964912,0,32,0.037280701754386
281,0,59,0.1293859649122807,3,56,76,0.1666666666666666,0,76,0.037280701754385914
373,0,133,0.2916666666666667,0,133,150,0.3289473684210526,0,150,0.037280701754385914
206,1,17,0.0372807017543859,0,17,0,0.0,0,0,0.0372807017543859
31,1,16,0.0350877192982456,0,16,0,0.0,0,0,0.0350877192982456
211,1,16,0.0350877192982456,0,16,0,0.0,0,0,0.0350877192982456
68,1,19,0.0416666666666666,0,19,34,0.0745614035087719,0,34,0.032894736842105296
311,0,16,0.0350877192982456,16,0,1,0.0021929824561403,1,0,0.032894736842105296
231,1,80,0.175438596491228,59,21,95,0.2083333333333333,16,79,0.03289473684210528
302,0,84,0.1842105263157894,84,0,69,0.1513157894736842,69,0,0.0328947368421052
123,1,114,0.25,75,39,129,0.2828947368421052,53,76,0.0328947368421052
208,1,14,0.0307017543859649,0,14,29,0.0635964912280701,0,29,0.0328947368421052
236,1,7,0.0153508771929824,0,7,21,0.0460526315789473,0,21,0.030701754385964904
108,1,0,0.0,0,0,14,0.0307017543859649,0,14,0.0307017543859649
398,0,14,0.0307017543859649,14,0,0,0.0,0,0,0.0307017543859649
244,1,17,0.0372807017543859,0,17,3,0.006578947368421,0,3,0.0307017543859649
118,1,14,0.0307017543859649,0,14,0,0.0,0,0,0.0307017543859649
97,1,7,0.0153508771929824,0,7,20,0.043859649122807,0,20,0.0285087719298246
467,0,14,0.0307017543859649,14,0,1,0.0021929824561403,1,0,0.0285087719298246
205,1,19,0.0416666666666666,0,19,32,0.0701754385964912,0,32,0.028508771929824595
77,1,71,0.1557017543859649,0,71,84,0.1842105263157894,0,84,0.02850877192982451
69,1,13,0.0285087719298245,0,13,0,0.0,0,0,0.0285087719298245
117,1,13,0.0285087719298245,0,13,0,0.0,0,0,0.0285087719298245
90,1,0,0.0,0,0,13,0.0285087719298245,0,13,0.0285087719298245
194,1,0,0.0,0,0,13,0.0285087719298245,1,12,0.0285087719298245
429,0,15,0.0328947368421052,15,0,2,0.0043859649122807,2,0,0.028508771929824497
112,1,79,0.1732456140350877,76,3,92,0.2017543859649122,76,16,0.028508771929824483
365,0,151,0.3311403508771929,76,75,163,0.3574561403508772,54,109,0.026315789473684292
204,1,108,0.2368421052631578,108,0,120,0.2631578947368421,120,0,0.026315789473684292
247,1,98,0.2149122807017544,73,25,86,0.1885964912280701,36,50,0.026315789473684292
451,0,58,0.1271929824561403,58,0,70,0.1535087719298245,29,41,0.02631578947368421
271,0,82,0.1798245614035087,80,2,94,0.2061403508771929,91,3,0.02631578947368421
248,1,67,0.1469298245614035,60,7,79,0.1732456140350877,3,76,0.02631578947368421
254,0,12,0.0263157894736842,12,0,0,0.0,0,0,0.0263157894736842
220,1,135,0.2960526315789473,124,11,146,0.3201754385964912,146,0,0.024122807017543935
366,0,83,0.1820175438596491,29,54,72,0.1578947368421052,72,0,0.024122807017543907
266,0,164,0.3596491228070175,146,18,175,0.3837719298245614,99,76,0.02412280701754388
393,0,144,0.3157894736842105,92,52,155,0.3399122807017544,79,76,0.02412280701754388
60,1,11,0.0241228070175438,0,11,0,0.0,0,0,0.0241228070175438
128,1,43,0.094298245614035,32,11,33,0.0723684210526315,0,33,0.021929824561403508
197,1,13,0.0285087719298245,0,13,3,0.006578947368421,0,3,0.0219298245614035
381,0,11,0.0241228070175438,11,0,1,0.0021929824561403,1,0,0.0219298245614035
328,0,12,0.0263157894736842,12,0,2,0.0043859649122807,2,0,0.0219298245614035
290,0,12,0.0263157894736842,0,12,2,0.0043859649122807,0,2,0.0219298245614035
246,1,13,0.0285087719298245,0,13,3,0.006578947368421,0,3,0.0219298245614035
154,1,1,0.0021929824561403,0,1,11,0.0241228070175438,0,11,0.0219298245614035
179,1,10,0.0219298245614035,0,10,0,0.0,0,0,0.0219298245614035
400,0,13,0.0285087719298245,0,13,23,0.050438596491228,0,23,0.021929824561403497
427,0,1,0.0021929824561403,0,1,10,0.0219298245614035,0,10,0.019736842105263202
191,1,3,0.006578947368421,0,3,12,0.0263157894736842,0,12,0.0197368421052632
406,0,88,0.1929824561403508,1,87,97,0.212719298245614,0,97,0.01973684210526319
88,1,84,0.1842105263157894,84,0,75,0.1644736842105263,75,0,0.019736842105263108
278,0,9,0.0197368421052631,9,0,0,0.0,0,0,0.0197368421052631
323,0,11,0.0241228070175438,11,0,2,0.0043859649122807,2,0,0.0197368421052631
297,0,11,0.0241228070175438,2,9,2,0.0043859649122807,0,2,0.0197368421052631
348,0,9,0.0197368421052631,9,0,0,0.0,0,0,0.0197368421052631
134,1,9,0.0197368421052631,0,9,0,0.0,0,0,0.0197368421052631
401,0,89,0.1951754385964912,39,50,81,0.1776315789473684,7,74,0.017543859649122806
252,0,65,0.1425438596491228,65,0,57,0.125,57,0,0.017543859649122806
279,0,8,0.0175438596491228,0,8,0,0.0,0,0,0.0175438596491228
425,0,8,0.0175438596491228,0,8,0,0.0,0,0,0.0175438596491228
53,1,69,0.1513157894736842,69,0,77,0.168859649122807,76,1,0.01754385964912278
496,0,135,0.2960526315789473,76,59,142,0.3114035087719298,76,66,0.015350877192982504
307,0,110,0.2412280701754386,110,0,103,0.2258771929824561,103,0,0.015350877192982504
116,1,13,0.0285087719298245,1,12,20,0.043859649122807,14,6,0.0153508771929825
210,1,9,0.0197368421052631,0,9,2,0.0043859649122807,0,2,0.015350877192982402
14,1,7,0.0153508771929824,0,7,0,0.0,0,0,0.0153508771929824
270,0,130,0.2850877192982456,76,54,137,0.300438596491228,76,61,0.015350877192982393
243,1,77,0.168859649122807,76,1,83,0.1820175438596491,76,7,0.013157894736842118
498,0,9,0.0197368421052631,9,0,3,0.006578947368421,3,0,0.013157894736842101
494,0,2,0.0043859649122807,0,2,8,0.0175438596491228,0,8,0.0131578947368421
260,0,6,0.0131578947368421,6,0,0,0.0,0,0,0.0131578947368421
402,0,5,0.0109649122807017,0,5,11,0.0241228070175438,0,11,0.0131578947368421
332,0,7,0.0153508771929824,5,2,1,0.0021929824561403,0,1,0.0131578947368421
151,1,6,0.0131578947368421,0,6,0,0.0,0,0,0.0131578947368421
343,0,75,0.1644736842105263,75,0,69,0.1513157894736842,69,0,0.01315789473684209
43,1,105,0.2302631578947368,41,64,111,0.2434210526315789,35,76,0.01315789473684209
440,0,7,0.0153508771929824,7,0,12,0.0263157894736842,12,0,0.010964912280701799
109,1,1,0.0021929824561403,0,1,6,0.0131578947368421,0,6,0.010964912280701799
152,1,16,0.0350877192982456,0,16,11,0.0241228070175438,0,11,0.010964912280701799
64,1,24,0.0526315789473684,0,24,19,0.0416666666666666,0,19,0.010964912280701795
497,0,93,0.2039473684210526,76,17,98,0.2149122807017544,37,61,0.010964912280701788
363,0,94,0.2061403508771929,84,10,89,0.1951754385964912,61,28,0.010964912280701705
269,0,88,0.1929824561403508,58,30,83,0.1820175438596491,0,83,0.010964912280701705
174,1,8,0.0175438596491228,0,8,13,0.0285087719298245,0,13,0.010964912280701702
214,1,0,0.0,0,0,5,0.0109649122807017,0,5,0.0109649122807017
51,1,22,0.0482456140350877,0,22,27,0.0592105263157894,0,27,0.010964912280701698
59,1,10,0.0219298245614035,0,10,15,0.0328947368421052,0,15,0.010964912280701698
229,1,239,0.5241228070175439,239,0,235,0.5153508771929824,235,0,0.00877192982456143
79,1,134,0.293859649122807,0,134,138,0.3026315789473684,0,138,0.00877192982456143
371,0,138,0.3026315789473684,85,53,134,0.293859649122807,125,9,0.00877192982456143
409,0,58,0.1271929824561403,0,58,62,0.1359649122807017,0,62,0.008771929824561403
492,0,83,0.1820175438596491,13,70,79,0.1732456140350877,3,76,0.008771929824561403
221,1,4,0.0087719298245614,0,4,0,0.0,0,0,0.0087719298245614
202,1,4,0.0087719298245614,0,4,0,0.0,0,0,0.0087719298245614
251,0,4,0.0087719298245614,4,0,0,0.0,0,0,0.0087719298245614
320,0,5,0.0109649122807017,0,5,1,0.0021929824561403,0,1,0.0087719298245614
28,1,4,0.0087719298245614,0,4,0,0.0,0,0,0.0087719298245614
1,1,4,0.0087719298245614,0,4,0,0.0,0,0,0.0087719298245614
176,1,4,0.0087719298245614,0,4,0,0.0,0,0,0.0087719298245614
72,1,41,0.0899122807017543,0,41,45,0.0986842105263157,0,45,0.00877192982456139
394,0,55,0.1206140350877193,0,55,59,0.1293859649122807,0,59,0.00877192982456139
185,1,135,0.2960526315789473,0,135,131,0.2872807017543859,0,131,0.008771929824561375
337,0,127,0.2785087719298245,127,0,130,0.2850877192982456,91,39,0.006578947368421129
147,1,4,0.0087719298245614,0,4,1,0.0021929824561403,0,1,0.006578947368421099
158,1,9,0.0197368421052631,0,9,12,0.0263157894736842,0,12,0.006578947368421097
495,0,2,0.0043859649122807,2,0,5,0.0109649122807017,5,0,0.006578947368421
146,1,3,0.006578947368421,0,3,0,0.0,0,0,0.006578947368421
222,1,3,0.006578947368421,0,3,0,0.0,0,0,0.006578947368421
338,0,3,0.006578947368421,3,0,0,0.0,0,0,0.006578947368421
330,0,3,0.006578947368421,0,3,0,0.0,0,0,0.006578947368421
186,1,3,0.006578947368421,0,3,0,0.0,0,0,0.006578947368421
36,1,3,0.006578947368421,0,3,0,0.0,0,0,0.006578947368421
135,1,3,0.006578947368421,0,3,0,0.0,0,0,0.006578947368421
418,0,37,0.0811403508771929,29,8,35,0.0767543859649122,35,0,0.0043859649122807015
187,1,9,0.0197368421052631,0,9,7,0.0153508771929824,0,7,0.0043859649122807015
167,1,2,0.0043859649122807,0,2,0,0.0,0,0,0.0043859649122807
240,1,2,0.0043859649122807,0,2,0,0.0,0,0,0.0043859649122807
23,1,3,0.006578947368421,0,3,1,0.0021929824561403,0,1,0.0043859649122807
10,1,2,0.0043859649122807,2,0,0,0.0,0,0,0.0043859649122807
354,0,2,0.0043859649122807,2,0,0,0.0,0,0,0.0043859649122807
83,1,0,0.0,0,0,2,0.0043859649122807,0,2,0.0043859649122807
407,0,2,0.0043859649122807,2,0,0,0.0,0,0,0.0043859649122807
431,0,2,0.0043859649122807,0,2,0,0.0,0,0,0.0043859649122807
98,1,2,0.0043859649122807,0,2,0,0.0,0,0,0.0043859649122807
131,1,2,0.0043859649122807,0,2,0,0.0,0,0,0.0043859649122807
255,0,2,0.0043859649122807,2,0,0,0.0,0,0,0.0043859649122807
33,1,4,0.0087719298245614,0,4,2,0.0043859649122807,0,2,0.0043859649122807
143,1,14,0.0307017543859649,11,3,16,0.0350877192982456,11,5,0.004385964912280698
325,0,91,0.1995614035087719,85,6,93,0.2039473684210526,74,19,0.004385964912280688
310,0,143,0.3135964912280701,131,12,141,0.3092105263157895,64,77,0.004385964912280604
226,1,127,0.2785087719298245,126,1,125,0.2741228070175439,120,5,0.004385964912280604
293,0,91,0.1995614035087719,28,63,90,0.1973684210526315,14,76,0.002192982456140413
39,1,1,0.0021929824561403,0,1,2,0.0043859649122807,0,2,0.0021929824561403998
102,1,1,0.0021929824561403,0,1,2,0.0043859649122807,0,2,0.0021929824561403998
391,0,50,0.1096491228070175,34,16,51,0.1118421052631579,51,0,0.0021929824561403993
95,1,7,0.0153508771929824,0,7,8,0.0175438596491228,0,8,0.0021929824561403993
178,1,37,0.0811403508771929,37,0,38,0.0833333333333333,38,0,0.0021929824561403993
213,1,18,0.0394736842105263,0,18,17,0.0372807017543859,0,17,0.0021929824561403993
87,1,9,0.0197368421052631,0,9,8,0.0175438596491228,0,8,0.002192982456140302
291,0,2,0.0043859649122807,0,2,3,0.006578947368421,0,3,0.0021929824561403004
106,1,1,0.0021929824561403,0,1,0,0.0,0,0,0.0021929824561403
84,1,1,0.0021929824561403,0,1,0,0.0,0,0,0.0021929824561403
22,1,0,0.0,0,0,1,0.0021929824561403,0,1,0.0021929824561403
160,1,1,0.0021929824561403,0,1,0,0.0,0,0,0.0021929824561403
80,1,1,0.0021929824561403,0,1,0,0.0,0,0,0.0021929824561403
41,1,1,0.0021929824561403,0,1,0,0.0,0,0,0.0021929824561403
199,1,0,0.0,0,0,0,0.0,0,0,0.0
383,0,0,0.0,0,0,0,0.0,0,0,0.0
16,1,2,0.0043859649122807,0,2,2,0.0043859649122807,0,2,0.0
163,1,1,0.0021929824561403,0,1,1,0.0021929824561403,1,0,0.0
299,0,0,0.0,0,0,0,0.0,0,0,0.0
353,0,0,0.0,0,0,0,0.0,0,0,0.0
415,0,0,0.0,0,0,0,0.0,0,0,0.0
478,0,0,0.0,0,0,0,0.0,0,0,0.0
413,0,0,0.0,0,0,0,0.0,0,0,0.0
308,0,0,0.0,0,0,0,0.0,0,0,0.0
207,1,2,0.0043859649122807,0,2,2,0.0043859649122807,0,2,0.0
359,0,0,0.0,0,0,0,0.0,0,0,0.0
114,1,1,0.0021929824561403,0,1,1,0.0021929824561403,0,1,0.0
351,0,1,0.0021929824561403,1,0,1,0.0021929824561403,1,0,0.0
257,0,111,0.2434210526315789,111,0,111,0.2434210526315789,111,0,0.0
86,1,37,0.0811403508771929,0,37,37,0.0811403508771929,0,37,0.0
78,1,8,0.0175438596491228,0,8,8,0.0175438596491228,0,8,0.0
475,0,10,0.0219298245614035,0,10,10,0.0219298245614035,0,10,0.0
241,1,0,0.0,0,0,0,0.0,0,0,0.0
285,0,0,0.0,0,0,0,0.0,0,0,0.0
256,0,0,0.0,0,0,0,0.0,0,0,0.0
301,0,0,0.0,0,0,0,0.0,0,0,0.0
487,0,0,0.0,0,0,0,0.0,0,0,0.0
448,0,0,0.0,0,0,0,0.0,0,0,0.0
272,0,0,0.0,0,0,0,0.0,0,0,0.0
166,1,0,0.0,0,0,0,0.0,0,0,0.0
46,1,0,0.0,0,0,0,0.0,0,0,0.0
273,0,0,0.0,0,0,0,0.0,0,0,0.0
446,0,0,0.0,0,0,0,0.0,0,0,0.0
452,0,0,0.0,0,0,0,0.0,0,0,0.0
44,1,0,0.0,0,0,0,0.0,0,0,0.0
369,0,0,0.0,0,0,0,0.0,0,0,0.0
474,0,0,0.0,0,0,0,0.0,0,0,0.0
296,0,0,0.0,0,0,0,0.0,0,0,0.0
468,0,0,0.0,0,0,0,0.0,0,0,0.0
321,0,0,0.0,0,0,0,0.0,0,0,0.0
150,1,0,0.0,0,0,0,0.0,0,0,0.0
300,0,0,0.0,0,0,0,0.0,0,0,0.0
295,0,0,0.0,0,0,0,0.0,0,0,0.0
488,0,0,0.0,0,0,0,0.0,0,0,0.0
434,0,0,0.0,0,0,0,0.0,0,0,0.0
259,0,0,0.0,0,0,0,0.0,0,0,0.0
54,1,0,0.0,0,0,0,0.0,0,0,0.0
485,0,0,0.0,0,0,0,0.0,0,0,0.0
