model_a,model_b,cohens_kappa_free_text,cohens_kappa_verbalized
Falcon3-7B-Instruct,Qwen3-8B,0.697162894485177,0.6418629637467644
Apertus-8B-Instruct,Ministral-3-8B-Instruct-2512,0.6915368940569441,0.1544496693238113
Llama-3.1-8B-Instruct,Ministral-3-8B-Instruct-2512,0.6815848258024062,0.6997379531227252
Apertus-8B-Instruct,Llama-3.1-8B-Instruct,0.6651741094630793,0.1951428037083545
Falcon3-7B-Instruct,Olmo-3-7B-Instruct,0.635825196094125,0.5624270711785297
Olmo-3-7B-Instruct,Qwen3-8B,0.6120496576438217,0.5825248894684946
Ministral-3-8B-Instruct-2512,Qwen3-8B,0.558861620151525,0.4778936295287893
Apertus-8B-Instruct,Qwen3-8B,0.5584040967135542,0.3389046158018747
Falcon3-7B-Instruct,Ministral-3-8B-Instruct-2512,0.5132607695845469,0.4276387699034001
Apertus-8B-Instruct,Olmo-3-7B-Instruct,0.5127717695170849,0.2405275852593655
Ministral-3-8B-Instruct-2512,Olmo-3-7B-Instruct,0.5127094949753159,0.5301991296320717
Llama-3.1-8B-Instruct,Qwen3-8B,0.5121316594028492,0.5433540450245105
Apertus-8B-Instruct,Falcon3-7B-Instruct,0.4921338017412555,0.3979586166015227
Llama-3.1-8B-Instruct,Olmo-3-7B-Instruct,0.437134736371475,0.5749411456970966
Falcon3-7B-Instruct,Llama-3.1-8B-Instruct,0.404043452021726,0.5058393940308417
