pvq_value_label,mean_delta_recall_free_text,mean_delta_recall_verbalized
Stimulation,0.06106666666666664,0.08026666666666663
Achievement,0.056599999999999984,0.0744
Universalism,-0.05133333333333334,0.07386666666666661
Hedonism,0.01679999999999998,0.07119999999999997
Security,0.06159999999999995,0.068
Self-Direction,0.0396,0.0652
Tradition,0.033000000000000015,0.0634
Conformity,0.01539999999999998,0.05699999999999998
Benevolence,-0.04060000000000002,0.056599999999999984
Power,0.06453333333333328,0.04479999999999999
