rater_id,f1_score
R_3NRsIIcMpRpGaJb,0.0854421768707483
R_2CdZw87NVCtnZTj,0.15337977296181632
R_xyobtXOJ3cdyRpv,0.0
R_O9cmq3uhHE3XLG1,0.02829131652661064
R_2SdV2MUYmu749IF,0.13939393939393938
R_2CQEPuZapiPiXh1,0.03529411764705883
R_2YfdDEZi0gF4sob,0.05691150954308849
R_1P2bafpz6pSKFNf,0.19714285714285712
R_1LRny2lYhaIUzQE,0.1723015873015873
R_W0Vu3UprFxG75Tj,0.2259790891369839
R_3dZgbZZasRd4ayu,0.07331378299120234
R_1pnCW6SdaNLeG1T,0.23871026671538179
R_1i9zlioeqeGkMXe,0.0
R_YPlrKfA7JPBnKMN,0.051587301587301584
R_2zXU3MArS0Ibx9l,0.1262421788737578
R_ODcilpbgEKmrA4N,0.0
R_BR2pq17Ja5fcIRb,0.012531328320802004
R_Zaw9tJEuNuGz89H,0.08255528255528256
R_3oNtXw8aXkhr195,0.2780952380952381
R_2uwYAwDnWbylfsr,0.13968253968253966
R_1Nm0XBQjovAbAji,0.012698412698412698
R_2ZD28Kftj0HXUD3,0.08055555555555555
R_UDCpxXfm9U4ca53,0.06722689075630252
R_2952NxI7eQgF7mA,0.1637958532695375
R_31gy6kJNMg23vbT,0.15274725274725276
R_1ik66jyEp2b40WM,0.19535652317607205
R_2do6kqzIqBe40bL,0.1152256834075016
R_3nTact3LqxTGKiI,0.24093204775022958
R_128Qu1k8DrfLFpc,0.03710575139146568
R_33CgF3J8IDvHmlK,0.11851851851851852
R_OrhESCO1j7t6NvX,0.05267573696145125
R_2YtzK83kAD0nqAv,0.21328320802005013
R_1NzhxvX0DLesyLP,0.15771125426297838
R_u7A9UJvtQ4I8wLv,0.15896686159844053
R_2VwPf58oYccVqKT,0.041666666666666664
R_1MPT6DdDScx2SXC,0.17063492063492064
R_T7a8NDb69nGjfIR,0.12770186335403727
R_V3ZwV12qUJwZwmR,0.23682983682983685
R_32W2dS4F36xs0ZE,0.06349206349206349
R_6gsOvn7YOW55UOt,0.1749455337690632
R_1IZx8j36HdCPU6w,0.096978021978022
R_3rYhY9ZqltdscX8,0.2771228771228771
R_2zvTIbE2t8uPMBm,0.01568627450980392
R_1GT7Ox9FN1qfKr8,0.08543083900226757
R_1F9bP1iT7QVWUQm,0.04395604395604396
R_3MF249C0ZzJGTOK,0.0
R_1dN2vs9YKpfp4ZY,0.24464285714285713
R_3HAHAJ4cmjojaeM,0.0
R_2OZNGYSiph6r7NS,0.2923502304147465
R_xszWQCJqbhjFAGZ,0.30129757785467126
R_1jVyKBL8XYXSBS1,0.10724523727619703
R_AbYqHzes7KRappf,0.13861577019471757
R_1r7gpwUNLlFDB8H,0.01680672268907563
R_2eOpXfVMG1m9rGY,0.13537157287157287
R_1g5zQUHVORR3MTO,0.030303030303030304
R_3nvYwgm10L30BCQ,0.09890109890109891
R_12Rw7A4iRSo7QwK,0.0900375939849624
R_1IZvFfuOY2n3xM4,0.1652014652014652
R_3KrrhXF6pZrmRZH,0.16744321035887702
R_1ieCBfGPSvAeUCi,0.017543859649122806
R_2t4CdRgkfFxMReO,0.06649018997197134
R_udFhrw5TWrc5dBv,0.031168831168831165
R_3hfrIGgTpLEfto3,0.0729403409090909
R_31H6I0EBy2kmwkj,0.22038567493112945
R_2RUk6ljN3BjFPib,0.10769230769230768
R_2nTxw1YhFyBAVRn,0.167235926628716
R_1ikWoVA6kppc28i,0.03619047619047619
R_3NHZNDIpY1OBk07,0.0374025974025974
R_2R2CuEoidaOEvSG,0.15137362637362636
R_2dzijJoi2MDPlKh,0.07413419913419912
R_2y74f1k6Hs0cP47,0.5242200328407226
R_1rGH06iowoxVYdY,0.0
R_2tarb4ne4UCQEx3,0.0
R_1nNGhY8mhK8qovp,0.22718253968253968
R_2XbzgLGUshAZdyV,0.21428571428571427
R_2xPN8d1lcmKC3OH,0.3865151515151515
R_1o859WAU8ChYd1Q,0.006920415224913495
R_2OYzod1onJdcHh6,0.03864734299516908
R_NWuHpbtkc9SbXj3,0.10235690235690237
R_3kv5VLUe21QtcG6,0.0
R_vYzrS4suxTQJQml,0.05721706864564008
R_3HnbeBVaei668FR,0.23674242424242423
R_3kuXUsKwKjl4N66,0.2203441060218554
R_80mXlk4KYEq9mZb,0.008658008658008658
R_1g1Lndia5cVEgWx,0.024844720496894408
R_28GrhnIkWPVDCE4,0.07407407407407407
R_2f1fktQOtRIGO4B,0.2380952380952381
R_29nsibxOhwJeFof,0.1712623125666604
R_3JrQ9sszmy5SW6c,0.0
R_3s7auv3W7GRne2J,0.07241830065359477
R_2sTqgXkDHNvccGL,0.0889413616686344
R_5uyjZAwLywlWvDj,0.031877213695395513
R_zeg0ZLc2l75nGRb,0.13997113997113997
R_2B5tpixzC8bbh56,0.2937126365697794
R_1zcP90Aab4AgQvL,0.13693861693861695
R_2fkyOIECpjb24rt,0.25189444198732125
R_23Tqzi4RERR4gpr,0.3028990528990529
R_2QmUdzF4gAXMEEe,0.03744539213646765
R_30jB3YyYT5rW0h0,0.0
R_3Lba5UARBvcuhd4,0.1149389825860414
R_6tHMqPGt31mrmal,0.11961996336996336
R_1nUR5CZ05NOfrte,0.12
R_1IWPbvrtWsgPiyX,0.0629711751662971
R_2EABCYRlTMl43S2,0.1980733756917401
R_122Q0u6ELNAmPix,0.09477351916376306
R_3oXB1tEBixGOD0r,0.03715170278637771
R_UWmMrvsG7AfPi2B,0.1915057915057915
R_1LcJpAWlAKFEGM4,0.03588516746411483
R_3PS2ZKhngZk4JIO,0.11578947368421054
R_1rlxC00OSkrzNKT,0.12324561403508773
R_3L6Vg4ckPJLoc1D,0.0
R_1Ka44AQokiT8Uuv,0.04858104858104858
R_2cupuI6ixrkFT2N,0.13483462350457423
R_AoOBZgnU5ZuuL0R,0.1304201680672269
R_3kc5xvhmr2nZQiw,0.103359173126615
R_2w1wPSEzrTIC2Fj,0.004545454545454546
R_yvHOm43Tilu0YOR,0.128007128007128
R_33dpyeR5U40hyXi,0.09953703703703703
R_8oaVTn763z9fU4N,0.03385585003232062
R_1Kj92iV6mZGkqrM,0.18402930402930404
R_1QmSd94szjzNHkY,0.18380681818181818
R_enUBLvL0yzAg2Q1,0.01787941787941788
R_RUERJFcQN6xFcNH,0.04646464646464646
R_2EHwcsJMmIbuoI8,0.04573934837092732
R_3F1Z7Wwe56oJ71A,0.17100656051894442
R_3KIVCWFyzAAs4C1,0.0
R_bjfwd01vJDyspNv,0.16395207968771033
R_1OWh9y4ktPhl3Cz,0.10725108225108225
R_1EXU6oMbfZYmhHQ,0.15959595959595957
R_2e2L2Ahp9QXCQrS,0.1696703296703297
R_0Ap4o4zDiTO8ipH,0.05999400209926526
R_AGKX8f82XJ2deH7,0.0308641975308642
R_1IRXiOBU4rY42oY,0.0
R_3G0wiQRSIMPc39k,0.0619047619047619
R_6yQQmvDEuIbC4AF,0.05535228445445163
R_Om2xwiqDSR6Ib3H,0.0
R_1joKnD8VpWDJcIh,0.02
R_xxslLMPKk8wgLpD,0.15596963423050378
R_UKHopurGp7X2qoV,0.212904989747095
R_22yQSqNIWJ3SNKF,0.08118672305523517
R_6R7wfnPA85JG5Hz,0.15
R_1lc96wGMmjiCmCv,0.07434640522875817
R_2zG4bGbH5UN85YV,0.15089711560299796
R_27mzWa8DB8dhw6X,0.05687707641196013
R_3JK91pfOHGWxDYB,0.018604651162790697
R_1GWwEji0gLkMWCX,0.015503875968992248
R_2dPY6kvrYRyENtB,0.10526315789473684
R_RmGDW86MxN4vAiJ,0.09000000000000001
R_3PjdO6grT6LmKLr,0.08166969147005446
R_2zoNe6x4rdwXQvS,0.19360902255639098
R_3g7ALOWm45SgI1K,0.14940249173658784
R_Tqu6nS59qsXV985,0.17119985277880018
R_29vr3KNMpB7QwOH,0.2761047002533071
R_2907jHdkNUA8J21,0.17652435043739392
R_2us3iFaZeYi56Ho,0.0
R_3ndUl8A7uNaJyei,0.0619047619047619
R_Y60v33lWWn3fax3,0.26360329871241295
R_3EmQfsAVmtZLUaz,0.13762010347376202
R_1CINCpSOdFSfRnb,0.2569786535303777
R_6LjxyzMLS2vAOlj,0.13385978091860445
R_2AYgPs54BTIJ2ti,0.17726117726117724
R_1hS71b2c5kWmM1d,0.07705627705627704
R_31gdWXwOBlqUNb3,0.14225112743720475
R_3snTEziRDQbI042,0.20565953654188945
R_3kq3mDGHZvpBTAC,0.2831568431568432
R_SDbQq4UpR3HOqvn,0.08172635445362719
R_AG2VqG3r8pRk8X7,0.04973973395026027
R_3qjNy2aqK7rE5z5,0.09455216989843028
R_1CqCDQGbTJx5oTy,0.05625
R_3n8cQ6791wPQskY,0.3981267544133242
R_1GPsOakYkJ2pq4E,0.24754754754754751
R_29uhHLFFbq7WO7C,0.13322705776077365
R_1DqY3suzcmjXkoA,0.1
R_3g7ce1xb4BAJ1YV,0.0
R_1jJ5nUvqmUTAq7Q,0.13012281835811246
R_6GrS2nQFKagybDP,0.07426681845286495
R_3KCJYd3vDK3ePPE,0.003875968992248062
R_5C1438cm29oh8gF,0.13417916186082277
R_26bzkM2pK9nzZq5,0.032679738562091505
R_bNlnZGS3M4oq1MJ,0.1349206349206349
R_323XybOdcs05MFN,0.09036658141517476
R_23ahKt2rCMimNlz,0.0
R_x9RcCsaTGec9YUV,0.0
R_3CPIB9Qk0GrcyyW,0.17857142857142855
R_1daEmfaaaK872PV,0.09715077166600712
R_2VKEvb1mohGbXAB,0.017543859649122806
R_3OoXKc730oZVDxG,0.04
R_2DZzQ0QbZTId5ao,0.024305555555555552
R_24nOxo0uGu99eNp,0.14433409727527374
R_vJMcN5y1vDByEWR,0.0
R_2154VfXLH4HcgAv,0.0989247311827957
R_Qox6QVIFpz0sHhT,0.16653346653346654
R_2WA1AcVHRas2pLE,0.0
R_Z2D5z7HW32wBfgd,0.18089340999557715
R_sYIa2LARVDS8Hsd,0.21968253968253967
R_2xQ4qfUgwKLJ5Ii,0.28802197802197804
R_3CTs38Hy7E55Zr3,0.061339009287925704
R_2xzTf8p5I01zCA4,0.034632034632034625
R_1AqGB6tNSlXoyjf,0.15541125541125542
R_3HS6gYkbLVe3oSt,0.17759252242010862
R_4HEaXbKuhPsI6d3,0.0125
R_UH00jSGLr57RgZj,0.08556149732620322
R_WCf0iHBB66ZrkNr,0.040273704789833824
R_p0p2NARTogyJmwN,0.35497835497835495
R_2TmF3AM88VbziEi,0.20143084985190246
R_1pFrQcPUI3tnYJg,0.052216748768472904
R_2zDgvxs8CxOsxFc,0.10190796857463523
R_2uDwHg9WL6ljTzJ,0.13749999999999998
R_2THkFtw1R0P4Y6V,0.11676767676767677
R_1pKfrkeCVY1e1zr,0.20993197278911563
R_2QFNdviJSOtlvnc,0.0703601108033241
R_3n2yqRVw5Hlbx0K,0.03376623376623377
R_3k85PRBQx1O1Jsw,0.03073661897191309
R_3M5SJQhoflNd4aB,0.181781045751634
R_1rrBBE54RvEbXal,0.12668730650154797
R_2xVGCEp2Ufe0QNy,0.0
R_WkA7K0BlfdCEdiN,0.2709292412617221
R_3Nw897w4DsqHSBI,0.007142857142857143
R_3P6stqnVq9tOvoC,0.09960317460317461
R_Tw1XLsTDieSj1Lj,0.0
R_OJOkIUtYHiJAcxz,0.06233766233766233
R_tRvlOEX5j3GXmXT,0.10175438596491228
R_9meBV3Gr5hjsQ7f,0.12212643678160919
R_20VabABa66FgWBd,0.17183474420316527
R_QmGmoAbZfGsPgNX,0.11380238369857745
R_enUQeVHtRuoSHkJ,0.12963959117805274
R_5i4GRYIANQdSodr,0.15040358248562583
R_1hM6qi1JSC5Lhpw,0.15163783584836218
R_3pi0QUxRHwhGN6N,0.1936630874845978
R_3qJurYFZVFvU5EQ,0.11955484896661368
R_Or6PbgNAiWTWTrX,0.20739733239733238
R_12sTUkpj7fobiK9,0.0
R_1EceyvEPVYVUCCd,0.01263157894736842
R_1mC5iGnYtwamXjP,0.11221072624581398
R_3hoLD4LRPveoAAg,0.40967570441254647
R_1QbaADt76w1JqnW,0.0
R_3hG8j8WZZ2kW34u,0.009153318077803204
R_24Hi90spaO8HQsu,0.02456140350877193
R_2dDSoJ5DExmylZ6,0.031168831168831165
R_1Hc2wph7Jnzy9xu,0.0
R_BP6rFM8nmxNbuil,0.11527777777777777
R_54to1WFdOhxyjdL,0.16805170821791318
R_2eQ3HlMHh7F2Snv,0.23873873873873874
R_1nUSbmp78pzTAxM,0.06525239466415937
R_1gOoyVrWur3BRuN,0.028846153846153848
R_3hrq8c0ejHQUGtl,0.0
R_OfBZmSrtRbEh3pf,0.035256410256410256
R_WDTCtHCHQrv2GfD,0.023529411764705882
R_d717tkoecHYdtgR,0.14003139717425434
R_1lnlbu6oJ51cPWE,0.19047619047619047
R_1gNn3uZIdnP8U1f,0.060123784261715295
R_uyW0ADGP7SFAkGl,0.1021671826625387
R_6Q0OgVZDuonLbTb,0.07291666666666666
R_3h9NTD6fHFOVRWd,0.004201680672268907
R_1pXteFPO6NLadNF,0.1134453781512605
R_3m8BAKhkNMxuLwl,0.030360531309297913
R_3GvzhuKxLJHQwTk,0.016054421768707482
R_2fxJ0lSl8UMxh8M,0.1036075036075036
R_5mOlyfzhT9w0w7L,0.0
R_33fIYzDbfVbespI,0.15353535353535352
R_qVg820N4v0b9w3v,0.12431077694235587
R_12u38CP0ANoR9dV,0.08401084010840108
R_1ovZCzFrH2e7mVz,0.20233100233100235
R_ekxiIEbuziynrK9,0.1250597800095648
R_1oBvMG27C7E9Cyk,0.16794067720896988
R_ZvChPdpDXCZUQ4F,0.4033212560386474
R_3kyRH46nZq1EWTo,0.3956671982987772
R_3QJZWEHc3gkExOh,0.20498511904761904
R_1k02u2AGxp8275Y,0.04146977350496985
R_3JDCWD3vUb0DYOq,0.0
R_1FnvRcDX014DWI1,0.12826617826617825
R_2VkgeW3n7glhFRs,0.16300940438871475
R_1FtQwPDIYGN19et,0.09011164274322168
R_1mfPB5U3BFxkzXM,0.21905905905905906
R_3Kq0ahdZlSJEYmB,0.055428571428571424
R_6XAQv39x3se3ao1,0.07407407407407407
R_3FKvUZe9BH89xrC,0.0
R_2dLXjP4sYgAZx1O,0.1441077441077441
R_3NIfXT757JWgYpm,0.13008241758241756
R_1IB33xjOsLIcGjq,0.232620320855615
R_1obZhPXVyaOZRhV,0.2195578231292517
R_2D0n4xBV0muRiIX,0.11037414965986393
R_2Vq09chm748Yl6M,0.37554998607630186
R_3Po5P0FSeRpg0Vm,0.2196660482374768
R_1Eg578NrInE736G,0.17990196078431375
R_3KqrCXXimgv6XS0,0.2238354506957048
R_1OUFxEjQL14EnIf,0.2199643493761141
R_z3bDoxc17yZ7Y3L,0.3380952380952381
R_u2HVVPzPpLAc66B,0.0
R_3NPU9uve11MpqcA,0.03095238095238095
R_3R43qng8qth5duN,0.0
R_x5YzJ7I3gqRLyIV,0.1242013800153335
R_2usLm1brXel20lj,0.0
R_2eQjSVZCwp2w7cv,0.2102564102564103
R_eQdV8lBf99razNn,0.16757787666878576
R_1DAQm16vftXLTlL,0.20774463631606488
R_Wd0OaqlAkdk2peF,0.0
R_24N5CxClypQLaJC,0.15518144407033294
R_3lFhnJqdYPrZXyH,0.07463556851311952
R_3HOoD4G1YkCX5UZ,0.020168067226890754
R_3fZ8JOK4Hep0YIf,0.2672527472527472
R_28OmtG0yNvq2De9,0.19393310863365307
R_XByNdNil02MPRZL,0.04473493100944081
R_usmlPCj3qX0zpDj,0.0
R_3p2Xf2B5GCH8Gew,0.10084033613445377
R_SVoaafplI6dTKg1,0.03538257408226448
R_UW9HBBs409jmzPX,0.1437908496732026
R_3k7K1C7OArwMpqB,0.1176823176823177
R_1HBKiTC7s7MmHwB,0.05045045045045045
R_1Hk7Qegnm2fDsVT,0.21821152703505645
R_8AnAbUU8gHDhSWl,0.15288220551378445
R_2WCssYyxIkIdFiG,0.09342105263157893
R_CmBLYLlfthxfqg1,0.04534313725490196
R_2dhCcnn2gnqq5Fs,0.18550051599587203
R_Weqgy8hFao0AtWx,0.09554256485202776
R_2c5iDC14Lw9GzBo,0.2968379446640316
R_12nYGmp62U5itNW,0.07261904761904761
R_2uEb8U1szbNf5qB,0.0890591530729939
R_2zd4QNZyJSiT2Jf,0.019047619047619046
R_TdRDxCImxUwHKIV,0.12468577174459528
R_DIBqIBA3mN2FQJ3,0.05420054200542006
R_9ZVkHkqCCeVF7hL,0.3010269576379974
R_1hyzwqXj8qH23UT,0.052991452991453
R_3a7LoIgGuR3iEud,0.032036613272311214
R_DJ3w2CsUEeFkVuF,0.0
R_25zlYBciXqhZ5R4,0.0
R_WoJJbGOLJqbNPW1,0.0
R_294UapGFsK8Uwad,0.05553905553905553
R_1jGKPSVWqay5Kpk,0.1321110262286733
R_25ZrmWtP4GwAQpg,0.2238095238095238
R_3HiaUdcEIEwWp2U,0.0
R_2VJxOzxInqycHD7,0.018018018018018018
R_2y1TEGx8DNhb130,0.0
R_qV22PP9oPQKOO4N,0.06060606060606061
R_1gAszkwYkOavmlQ,0.31791137923861035
R_2ON1acCzns8Epko,0.23956100658887033
R_28T0PZ00t2AKUk6,0.058630393996247664
R_1LtHKsTkyj5BZOp,0.18670871612048082
R_3qsW7j9NfmBYVK5,0.19675815670397712
R_3NCBSpYNotlSTBj,0.2727272727272727
R_3m4eSuZsCDFQyiu,0.34527506654835843
R_vIzF3yN5wEunxpT,0.01293103448275862
R_2OISbOiJCZoc4z4,0.17669172932330826
R_We7NwNWCFW87ikp,0.0
R_2fKkG3wOgy9LLci,0.08979591836734693
R_2vcxoA8PEaMZSF5,0.11321044546850999
R_2rMYzrGVZYFMAyY,0.19681251811069253
R_30bOBNfpjQcZygD,0.4103096903096903
R_2Qxl4JMHO2OFS8l,0.014285714285714285
R_11Z4xZP2BXmjh55,0.16725698543880363
R_1DClFtvZSKHlmJR,0.04835164835164836
R_1ruyFQY47tXuMzc,0.22671814671814672
R_d6W7VTDtgnLNsB3,0.023391812865497075
R_30czBJEqO3O1fmZ,0.11682615629984051
R_2bVHE8X947ysH8T,0.18091117120865405
R_2flzj1KDx4IUznI,0.12967914438502673
R_1pyhvn9utQ1zW8a,0.06530825496342738
R_1IGUy0zfXGOiISK,0.05823620823620823
R_3noWBmO4eqfEOcM,0.025974025974025976
R_puY4gP6DDwwhLBn,0.06177606177606177
R_2xQPt2FDxSu6vE8,0.3276653171390014
R_3Lkh4oxYOLU95YK,0.14814814814814814
R_erH57eKfbbFH4KB,0.0
R_2bZBwDqHO9ZjFCu,0.06969696969696969
R_23ZWr24aWnSiDXr,0.04631578947368421
R_3MKmQKuwrjuKTN0,0.0
R_1QGchO6VYtOv93f,0.1574074074074074
R_2whKsZLJze6rsyo,0.010526315789473684
R_2OTQ5bGdXgOeEBk,0.0
R_1lnMJH8sCKrEMyQ,0.0
R_110AKOjI84xnrkQ,0.3836829836829837
R_1NkU9R6VlCULghb,0.06896551724137931
R_2uweozLUFSzS79v,0.033503401360544215
R_2TuEONm2abaLyAm,0.024489795918367346
R_3ErQC5BX3q8tPDQ,0.03405572755417957
R_vxdpoNdZaJXtmNj,0.0
R_1DGBxG19IrLNHDK,0.18084707646176912
R_3ktX7XOpV8OD8Ju,0.0
R_2zhJsXKIthQfAoo,0.0
R_3P25tYkf4z3d7Tr,0.02150537634408602
R_11aLFiujI3I0oGd,0.023529411764705882
R_1JEDu5mFkBdKRbm,0.015151515151515152
R_23TCBdPKtXkH4wj,0.15765104460756635
R_bkptbFkRsjZoVqh,0.05561497326203208
R_1j8Itci3lzqzcCJ,0.08809523809523809
R_3nrtcl1Z6ggc9TF,0.17006802721088435
R_2tsdaBijdfTc0Ia,0.2723809523809524
R_2rVdIFEpk250Y3u,0.12007168458781363
R_28UnC65PbUbwggz,0.006722689075630252
R_0OsPhC57tiO8gsp,0.02142857142857143
R_2bIhkVRmnDUbZEb,0.07104514533085961
R_2AYmw7Kk5zllfSt,0.39898989898989895
R_3HzZQsVX7mhh9R3,0.04554054054054054
R_11j4G6A82vjqZMU,0.0936270653029111
R_2QMbp4kV5nS4DLG,0.0
R_29nQrzpzx3Db3Do,0.03225806451612903
R_1o5aULEwmxo297d,0.165974025974026
R_28RKAjh2Z5UFFcS,0.15398791095385522
R_3j3xyQUf5zVcyyt,0.006006006006006006
R_1Gy59n13mfunTEp,0.035480859010270774
R_1gFJtHhkZAiPZ7U,0.044720496894409933
R_3GwFKep8ixxzVS8,0.05925925925925926
R_czEx5NsBUJ3hzm9,0.0
R_xirYgVe4hr0mlEZ,0.0
R_1NFxsU7RHpXmU71,0.04035087719298246
R_2U5zJmP6MXBO2Bb,0.003703703703703704
R_3h0yhNQqbGdjS4e,0.014354066985645932
R_2WBWCwsKqjFRoKL,0.019307780320366133
R_2z6Zo37KK0kWIMg,0.13032581453634084
R_1kI8Upuv7EwmXjp,0.09682539682539683
R_Wkaieu2q0rssuPv,0.015306122448979591
R_2zdRDDm649MLlOW,0.19280719280719283
R_1db4FbRj6d2GTRr,0.10843989769820972
R_3fwSDALMLEqazzp,0.02642857142857143
R_31BecV3vyQtvKjh,0.0
R_em5F15fOQxDllip,0.07262302914476827
R_3QFr7vuekjWfELH,0.1616698518872432
R_27CD68tr1hMFRjD,0.012903225806451613
R_2TubmbVqpe4SaTx,0.24666666666666665
R_3hbvt16QK17tNXf,0.007407407407407407
R_3G36MQsuPmGwFx6,0.23692715952777874
R_0etnb4hkBrJIOOZ,0.14814814814814814
R_PCG9jgu7YKE6NDH,0.1672634271099744
R_2fx79t60cylNlow,0.18233618233618235
R_3J9PvEp12q3S2m6,0.10076130765785939
R_3fiN0bsii6Ajvoo,0.2219165085388994
R_1IBiaMy17TyKRDz,0.0
R_1NxEKnduYSJpiJR,0.1754621848739496
R_31saXZM7aH12ElY,0.24888392857142858
R_02Kt90m9vxg3qx3,0.08351648351648353
R_udzzmsufiFdoB3P,0.1564625850340136
