rater_id,kappa
R_3NRsIIcMpRpGaJb,0.001901140684410496
R_2CdZw87NVCtnZTj,0.030623020063358042
R_xyobtXOJ3cdyRpv,-0.029385574354407806
R_O9cmq3uhHE3XLG1,-0.01872659176029945
R_2SdV2MUYmu749IF,-0.062153163152053326
R_2CQEPuZapiPiXh1,-0.032258064516129004
R_2YfdDEZi0gF4sob,-0.09911678115799827
R_1P2bafpz6pSKFNf,0.09900990099009899
R_1LRny2lYhaIUzQE,0.018036072144288484
R_W0Vu3UprFxG75Tj,0.04181184668989546
R_3dZgbZZasRd4ayu,-0.016393442622950838
R_1pnCW6SdaNLeG1T,-0.007981755986316896
R_1i9zlioeqeGkMXe,-0.02311435523114347
R_YPlrKfA7JPBnKMN,-0.13228492136910264
R_2zXU3MArS0Ibx9l,-0.031382527565733565
R_ODcilpbgEKmrA4N,0.0
R_BR2pq17Ja5fcIRb,-0.09672386895475804
R_Zaw9tJEuNuGz89H,-0.03212172442941674
R_3oNtXw8aXkhr195,0.06115879828326176
R_2uwYAwDnWbylfsr,-0.003824091778202865
R_1Nm0XBQjovAbAji,-0.02674719585849883
R_2ZD28Kftj0HXUD3,-0.012698412698412875
R_UDCpxXfm9U4ca53,-0.04672897196261694
R_2952NxI7eQgF7mA,0.062105263157894774
R_31gy6kJNMg23vbT,0.03492647058823517
R_1ik66jyEp2b40WM,-0.01449275362318847
R_2do6kqzIqBe40bL,-0.007633587786259666
R_3nTact3LqxTGKiI,0.15572858731924355
R_128Qu1k8DrfLFpc,-0.04619565217391308
R_33CgF3J8IDvHmlK,-0.03327787021630613
R_OrhESCO1j7t6NvX,0.02777777777777779
R_2YtzK83kAD0nqAv,0.011099899091826404
R_1NzhxvX0DLesyLP,0.08058124174372516
R_u7A9UJvtQ4I8wLv,0.10841423948220064
R_2VwPf58oYccVqKT,-0.1769722814498933
R_1MPT6DdDScx2SXC,-0.05400981996726695
R_T7a8NDb69nGjfIR,0.017773620205799867
R_V3ZwV12qUJwZwmR,0.11971830985915499
R_32W2dS4F36xs0ZE,-0.05599999999999983
R_6gsOvn7YOW55UOt,0.12432432432432428
R_1IZx8j36HdCPU6w,-0.0009225092250921829
R_3rYhY9ZqltdscX8,0.0982824427480915
R_2zvTIbE2t8uPMBm,-0.06149479659413437
R_1GT7Ox9FN1qfKr8,0.04977375565610864
R_1F9bP1iT7QVWUQm,0.0008650519031144777
R_3MF249C0ZzJGTOK,-0.04255319148936154
R_1dN2vs9YKpfp4ZY,0.17004680187207488
R_3HAHAJ4cmjojaeM,-0.04344122657580907
R_2OZNGYSiph6r7NS,0.05797101449275355
R_xszWQCJqbhjFAGZ,0.19298245614035092
R_1jVyKBL8XYXSBS1,-0.04737295434969857
R_AbYqHzes7KRappf,0.0492332526230832
R_1r7gpwUNLlFDB8H,-0.11752988047808777
R_2eOpXfVMG1m9rGY,0.07658157602663707
R_1g5zQUHVORR3MTO,-0.0786516853932584
R_3nvYwgm10L30BCQ,-0.14519427402862983
R_12Rw7A4iRSo7QwK,-0.0027726432532346745
R_1IZvFfuOY2n3xM4,0.04652996845425861
R_3KrrhXF6pZrmRZH,-0.03678160919540252
R_1ieCBfGPSvAeUCi,-0.11853619729514686
R_2t4CdRgkfFxMReO,-0.037694013303769314
R_udFhrw5TWrc5dBv,-0.004347826086956719
R_3hfrIGgTpLEfto3,-0.0605714285714285
R_31H6I0EBy2kmwkj,0.04102564102564121
R_2RUk6ljN3BjFPib,0.018099547511312153
R_2nTxw1YhFyBAVRn,0.11428571428571432
R_1ikWoVA6kppc28i,-0.0480943738656987
R_3NHZNDIpY1OBk07,0.05172413793103425
R_2R2CuEoidaOEvSG,0.019908116385911168
R_2dzijJoi2MDPlKh,0.0010090817356205317
R_2y74f1k6Hs0cP47,0.1333333333333333
R_1rGH06iowoxVYdY,-0.14185022026431726
R_2tarb4ne4UCQEx3,0.0
R_1nNGhY8mhK8qovp,-0.05820105820105814
R_2XbzgLGUshAZdyV,0.07443682664054851
R_2xPN8d1lcmKC3OH,0.008695652173912882
R_1o859WAU8ChYd1Q,0.003552397868561319
R_2OYzod1onJdcHh6,-0.02114164904862581
R_NWuHpbtkc9SbXj3,0.04501607717041811
R_3kv5VLUe21QtcG6,0.0
R_vYzrS4suxTQJQml,-0.009302325581395543
R_3HnbeBVaei668FR,-0.032258064516129004
R_3kuXUsKwKjl4N66,0.04921700223713643
R_80mXlk4KYEq9mZb,0.008450704225352101
R_1g1Lndia5cVEgWx,-0.08675799086757974
R_28GrhnIkWPVDCE4,0.03850156087408951
R_2f1fktQOtRIGO4B,0.1497975708502024
R_29nsibxOhwJeFof,0.11269035532994931
R_3JrQ9sszmy5SW6c,0.0
R_3s7auv3W7GRne2J,-0.027984009137635546
R_2sTqgXkDHNvccGL,0.008665511265164572
R_5uyjZAwLywlWvDj,-0.06697459584295617
R_zeg0ZLc2l75nGRb,0.08103727714748776
R_2B5tpixzC8bbh56,0.1843971631205673
R_1zcP90Aab4AgQvL,0.04335532516493856
R_2fkyOIECpjb24rt,0.12446351931330468
R_23Tqzi4RERR4gpr,0.07874015748031493
R_2QmUdzF4gAXMEEe,0.016742770167427534
R_30jB3YyYT5rW0h0,-0.013333333333333197
R_3Lba5UARBvcuhd4,0.019567456230690117
R_6tHMqPGt31mrmal,-0.07692307692307687
R_1nUR5CZ05NOfrte,0.06336088154269981
R_1IWPbvrtWsgPiyX,-0.03267528931245778
R_2EABCYRlTMl43S2,-0.04883720930232549
R_122Q0u6ELNAmPix,-0.034337771548703655
R_3oXB1tEBixGOD0r,-0.051207729468599084
R_UWmMrvsG7AfPi2B,-0.011599005799503015
R_1LcJpAWlAKFEGM4,0.016272189349112454
R_3PS2ZKhngZk4JIO,-0.012106537530266248
R_1rlxC00OSkrzNKT,0.03464203233256369
R_3L6Vg4ckPJLoc1D,-0.09192200557103081
R_1Ka44AQokiT8Uuv,0.007021063189568633
R_2cupuI6ixrkFT2N,-0.10642781875658591
R_AoOBZgnU5ZuuL0R,0.09006499535747448
R_3kc5xvhmr2nZQiw,-0.06867233485938518
R_2w1wPSEzrTIC2Fj,-0.04819944598337944
R_yvHOm43Tilu0YOR,0.07035175879396971
R_33dpyeR5U40hyXi,0.00982318271119842
R_8oaVTn763z9fU4N,0.028571428571428692
R_1Kj92iV6mZGkqrM,0.04352226720647767
R_1QmSd94szjzNHkY,0.06493506493506496
R_enUBLvL0yzAg2Q1,-0.012509773260359625
R_RUERJFcQN6xFcNH,-0.08714133900106247
R_2EHwcsJMmIbuoI8,-0.14095079232693908
R_3F1Z7Wwe56oJ71A,0.05910543130990431
R_3KIVCWFyzAAs4C1,0.0
R_bjfwd01vJDyspNv,0.037553648068669454
R_1OWh9y4ktPhl3Cz,0.016618911174784867
R_1EXU6oMbfZYmhHQ,0.048223350253807196
R_2e2L2Ahp9QXCQrS,0.006622516556291536
R_0Ap4o4zDiTO8ipH,-0.008756567425568962
R_AGKX8f82XJ2deH7,0.0032573289902281255
R_1IRXiOBU4rY42oY,-0.009084556254367548
R_3G0wiQRSIMPc39k,-0.03979460847240035
R_6yQQmvDEuIbC4AF,-0.034482758620689724
R_Om2xwiqDSR6Ib3H,-0.010726072607260884
R_1joKnD8VpWDJcIh,-0.11842105263157898
R_xxslLMPKk8wgLpD,-0.10687022900763354
R_UKHopurGp7X2qoV,0.0945273631840795
R_22yQSqNIWJ3SNKF,-0.10032362459546929
R_6R7wfnPA85JG5Hz,0.002096436058700246
R_1lc96wGMmjiCmCv,-0.06680161943319862
R_2zG4bGbH5UN85YV,0.06170752324598472
R_27mzWa8DB8dhw6X,-0.0053956834532373765
R_3JK91pfOHGWxDYB,-0.12243629583592286
R_1GWwEji0gLkMWCX,-0.013468013468013407
R_2dPY6kvrYRyENtB,-0.11764705882352944
R_RmGDW86MxN4vAiJ,0.06032482598607891
R_3PjdO6grT6LmKLr,0.0015923566878981443
R_2zoNe6x4rdwXQvS,-0.0036429872495447047
R_3g7ALOWm45SgI1K,0.08112324492979717
R_Tqu6nS59qsXV985,0.06135458167330676
R_29vr3KNMpB7QwOH,0.20386784850926687
R_2907jHdkNUA8J21,0.041450777202072686
R_2us3iFaZeYi56Ho,-0.02127659574468077
R_3ndUl8A7uNaJyei,-0.08212560386473444
R_Y60v33lWWn3fax3,0.15192582025677603
R_3EmQfsAVmtZLUaz,0.04389574759945114
R_1CINCpSOdFSfRnb,0.10964912280701766
R_6LjxyzMLS2vAOlj,-0.010572687224669641
R_2AYgPs54BTIJ2ti,0.06206293706293731
R_1hS71b2c5kWmM1d,-0.04761904761904767
R_31gdWXwOBlqUNb3,-0.08571428571428563
R_3snTEziRDQbI042,0.10526315789473684
R_3kq3mDGHZvpBTAC,0.12761714855433703
R_SDbQq4UpR3HOqvn,0.05714285714285716
R_AG2VqG3r8pRk8X7,-0.0674157303370786
R_3qjNy2aqK7rE5z5,0.010260457774269982
R_1CqCDQGbTJx5oTy,-0.046676096181046844
R_3n8cQ6791wPQskY,0.2567975830815711
R_1GPsOakYkJ2pq4E,0.11278863232682057
R_29uhHLFFbq7WO7C,0.015536723163841692
R_1DqY3suzcmjXkoA,-0.0669216061185467
R_3g7ce1xb4BAJ1YV,-0.1058688147295741
R_1jJ5nUvqmUTAq7Q,0.058441558441558406
R_6GrS2nQFKagybDP,0.020383693045563533
R_3KCJYd3vDK3ePPE,0.006053935057787507
R_5C1438cm29oh8gF,0.017543859649122973
R_26bzkM2pK9nzZq5,-0.074626865671642
R_bNlnZGS3M4oq1MJ,0.08017621145374454
R_323XybOdcs05MFN,-0.0680628272251309
R_23ahKt2rCMimNlz,0.0
R_x9RcCsaTGec9YUV,0.0
R_3CPIB9Qk0GrcyyW,0.07821229050279332
R_1daEmfaaaK872PV,0.04347826086956519
R_2VKEvb1mohGbXAB,-0.06791569086651061
R_3OoXKc730oZVDxG,-0.06155218554861741
R_2DZzQ0QbZTId5ao,-0.07475622968580709
R_24nOxo0uGu99eNp,0.024590163934426146
R_vJMcN5y1vDByEWR,0.0
R_2154VfXLH4HcgAv,-0.015776699029126373
R_Qox6QVIFpz0sHhT,0.009756097560975618
R_2WA1AcVHRas2pLE,-0.06140350877192979
R_Z2D5z7HW32wBfgd,0.10377358490566035
R_sYIa2LARVDS8Hsd,0.1015625
R_2xQ4qfUgwKLJ5Ii,0.1735112936344969
R_3CTs38Hy7E55Zr3,0.025641025641025772
R_2xzTf8p5I01zCA4,-0.04336043360433606
R_1AqGB6tNSlXoyjf,0.11638954869358675
R_3HS6gYkbLVe3oSt,-0.026289180990900052
R_4HEaXbKuhPsI6d3,-0.03765690376569042
R_UH00jSGLr57RgZj,-0.016949152542372836
R_WCf0iHBB66ZrkNr,0.003444316877152742
R_p0p2NARTogyJmwN,0.14864864864864868
R_2TmF3AM88VbziEi,0.01869158878504651
R_1pFrQcPUI3tnYJg,0.007894736842105288
R_2zDgvxs8CxOsxFc,-0.0927152317880795
R_2uDwHg9WL6ljTzJ,0.10280373831775702
R_2THkFtw1R0P4Y6V,0.03350515463917514
R_1pKfrkeCVY1e1zr,0.050387596899224896
R_2QFNdviJSOtlvnc,-0.04193548387096757
R_3n2yqRVw5Hlbx0K,-0.03752535496957399
R_3k85PRBQx1O1Jsw,-0.050283860502838396
R_3M5SJQhoflNd4aB,-0.06779661016949157
R_1rrBBE54RvEbXal,-0.0021834061135370675
R_2xVGCEp2Ufe0QNy,-0.002762430939226679
R_WkA7K0BlfdCEdiN,0.21180189673340366
R_3Nw897w4DsqHSBI,-0.03119584055459268
R_3P6stqnVq9tOvoC,-0.010242085661080091
R_Tw1XLsTDieSj1Lj,-0.008230452674897304
R_OJOkIUtYHiJAcxz,-0.061580882352941124
R_tRvlOEX5j3GXmXT,0.06623735050597979
R_9meBV3Gr5hjsQ7f,0.038674033149171394
R_20VabABa66FgWBd,0.0724165988608626
R_QmGmoAbZfGsPgNX,-0.034482758620689724
R_enUQeVHtRuoSHkJ,0.07457627118644061
R_5i4GRYIANQdSodr,0.054574638844301804
R_1hM6qi1JSC5Lhpw,0.02416918429003012
R_3pi0QUxRHwhGN6N,0.05910543130990409
R_3qJurYFZVFvU5EQ,0.01333333333333342
R_Or6PbgNAiWTWTrX,0.10380622837370235
R_12sTUkpj7fobiK9,-0.06171201061712028
R_1EceyvEPVYVUCCd,-0.05873493975903621
R_1mC5iGnYtwamXjP,0.03517587939698508
R_3hoLD4LRPveoAAg,0.007616974972796564
R_1QbaADt76w1JqnW,-0.030010718113612
R_3hG8j8WZZ2kW34u,-0.03306392358559873
R_24Hi90spaO8HQsu,-0.10101801096319463
R_2dDSoJ5DExmylZ6,-0.03401969561324991
R_1Hc2wph7Jnzy9xu,-0.019983347210657643
R_BP6rFM8nmxNbuil,0.04318936877076407
R_54to1WFdOhxyjdL,0.07171000788022053
R_2eQ3HlMHh7F2Snv,0.09837545126353797
R_1nUSbmp78pzTAxM,0.005499541704857891
R_1gOoyVrWur3BRuN,-0.029045643153526868
R_3hrq8c0ejHQUGtl,-0.01403508771929829
R_OfBZmSrtRbEh3pf,0.016393442622950838
R_WDTCtHCHQrv2GfD,-0.032258064516129004
R_d717tkoecHYdtgR,0.07559198542805101
R_1lnlbu6oJ51cPWE,-0.08024691358024705
R_1gNn3uZIdnP8U1f,-0.07260273972602738
R_uyW0ADGP7SFAkGl,-0.035532994923857864
R_6Q0OgVZDuonLbTb,0.023157894736842155
R_3h9NTD6fHFOVRWd,-0.03985171455050973
R_1pXteFPO6NLadNF,0.01734104046242768
R_3m8BAKhkNMxuLwl,0.011001100110010986
R_3GvzhuKxLJHQwTk,0.016183986371380188
R_2fxJ0lSl8UMxh8M,0.017021276595744705
R_5mOlyfzhT9w0w7L,-0.02208201892744488
R_33fIYzDbfVbespI,0.0017889087656529634
R_qVg820N4v0b9w3v,0.018779342723004633
R_12u38CP0ANoR9dV,0.05839895013123342
R_1ovZCzFrH2e7mVz,0.03378378378378377
R_ekxiIEbuziynrK9,0.05747126436781602
R_1oBvMG27C7E9Cyk,0.06237006237006215
R_ZvChPdpDXCZUQ4F,0.1281604184829992
R_3kyRH46nZq1EWTo,0.10097719869706834
R_3QJZWEHc3gkExOh,0.013563501849568449
R_1k02u2AGxp8275Y,0.03131828113619817
R_3JDCWD3vUb0DYOq,0.0
R_1FnvRcDX014DWI1,0.03241182078169669
R_2VkgeW3n7glhFRs,0.06973500697350077
R_1FtQwPDIYGN19et,-0.025347506132461062
R_1mfPB5U3BFxkzXM,-0.01868239921337267
R_3Kq0ahdZlSJEYmB,-0.010242085661080091
R_6XAQv39x3se3ao1,-0.057096247960848334
R_3FKvUZe9BH89xrC,-0.018099547511312153
R_2dLXjP4sYgAZx1O,-0.004509582863585271
R_3NIfXT757JWgYpm,-0.08921161825726154
R_1IB33xjOsLIcGjq,0.01980198019801982
R_1obZhPXVyaOZRhV,0.1333333333333332
R_2D0n4xBV0muRiIX,-0.02358490566037741
R_2Vq09chm748Yl6M,0.2142857142857143
R_3Po5P0FSeRpg0Vm,0.03176229508196726
R_1Eg578NrInE736G,0.010775862068965636
R_3KqrCXXimgv6XS0,-0.09415971394517286
R_1OUFxEjQL14EnIf,0.08700322234156821
R_z3bDoxc17yZ7Y3L,0.1593886462882096
R_u2HVVPzPpLAc66B,-0.01407284768211925
R_3NPU9uve11MpqcA,-0.14754098360655732
R_3R43qng8qth5duN,0.0
R_x5YzJ7I3gqRLyIV,-0.027114267269206183
R_2usLm1brXel20lj,-0.02083333333333326
R_2eQjSVZCwp2w7cv,0.10592885375494077
R_eQdV8lBf99razNn,0.07859358841778696
R_1DAQm16vftXLTlL,0.1339534883720932
R_Wd0OaqlAkdk2peF,-0.02127659574468077
R_24N5CxClypQLaJC,0.09638554216867501
R_3lFhnJqdYPrZXyH,-0.08247422680412364
R_3HOoD4G1YkCX5UZ,-0.03478260869565197
R_3fZ8JOK4Hep0YIf,0.15887850467289721
R_28OmtG0yNvq2De9,-0.029320987654321007
R_XByNdNil02MPRZL,-0.07655502392344493
R_usmlPCj3qX0zpDj,-0.009892827699917506
R_3p2Xf2B5GCH8Gew,-0.11298838437170011
R_SVoaafplI6dTKg1,0.05380333951762517
R_UW9HBBs409jmzPX,-0.03680336487907465
R_3k7K1C7OArwMpqB,-0.022123893805309658
R_1HBKiTC7s7MmHwB,-0.14906832298136652
R_1Hk7Qegnm2fDsVT,0.0633187772925764
R_8AnAbUU8gHDhSWl,0.012573344509639539
R_2WCssYyxIkIdFiG,0.015932521087160256
R_CmBLYLlfthxfqg1,-0.005545286506469571
R_2dhCcnn2gnqq5Fs,0.07434554973821994
R_Weqgy8hFao0AtWx,-0.05371900826446252
R_2c5iDC14Lw9GzBo,0.1515151515151515
R_12nYGmp62U5itNW,0.02506963788300831
R_2uEb8U1szbNf5qB,-0.035532994923857864
R_2zd4QNZyJSiT2Jf,-0.02232667450058745
R_TdRDxCImxUwHKIV,-0.06694560669456062
R_DIBqIBA3mN2FQJ3,-0.03797468354430378
R_9ZVkHkqCCeVF7hL,0.05183413078149923
R_1hyzwqXj8qH23UT,-0.029325513196480912
R_3a7LoIgGuR3iEud,-0.040304182509505626
R_DJ3w2CsUEeFkVuF,0.0
R_25zlYBciXqhZ5R4,-0.06568265682656826
R_WoJJbGOLJqbNPW1,0.0
R_294UapGFsK8Uwad,-0.04833333333333334
R_1jGKPSVWqay5Kpk,0.09914204003813154
R_25ZrmWtP4GwAQpg,0.05503634475597097
R_3HiaUdcEIEwWp2U,-0.011142061281337101
R_2VJxOzxInqycHD7,-0.008327024981074738
R_2y1TEGx8DNhb130,0.0
R_qV22PP9oPQKOO4N,-0.016949152542372836
R_1gAszkwYkOavmlQ,0.20899250624479604
R_2ON1acCzns8Epko,0.15440414507772016
R_28T0PZ00t2AKUk6,0.02766798418972327
R_1LtHKsTkyj5BZOp,0.1559086395233369
R_3qsW7j9NfmBYVK5,0.0762800417972831
R_3NCBSpYNotlSTBj,0.08999999999999986
R_3m4eSuZsCDFQyiu,0.12014787430683904
R_vIzF3yN5wEunxpT,-0.095816464237517
R_2OISbOiJCZoc4z4,0.13708086785009865
R_We7NwNWCFW87ikp,-0.0018399264029438367
R_2fKkG3wOgy9LLci,-0.004484304932735439
R_2vcxoA8PEaMZSF5,-0.006009615384615419
R_2rMYzrGVZYFMAyY,-0.051813471502590636
R_30bOBNfpjQcZygD,0.20967741935483875
R_2Qxl4JMHO2OFS8l,0.0077319587628866815
R_11Z4xZP2BXmjh55,0.07042253521126762
R_1DClFtvZSKHlmJR,-0.10632183908045967
R_1ruyFQY47tXuMzc,-0.13718411552346588
R_d6W7VTDtgnLNsB3,-0.03479576399394846
R_30czBJEqO3O1fmZ,-0.045571797076526144
R_2bVHE8X947ysH8T,0.07155322862129132
R_2flzj1KDx4IUznI,0.01431238332296203
R_1pyhvn9utQ1zW8a,0.0029052876234748615
R_1IGUy0zfXGOiISK,-0.032258064516129004
R_3noWBmO4eqfEOcM,-0.04054054054054057
R_puY4gP6DDwwhLBn,-0.017282010997643482
R_2xQPt2FDxSu6vE8,0.08212560386473444
R_3Lkh4oxYOLU95YK,0.039999999999999813
R_erH57eKfbbFH4KB,-0.07440476190476186
R_2bZBwDqHO9ZjFCu,-0.024844720496894457
R_23ZWr24aWnSiDXr,-0.002327385570209506
R_3MKmQKuwrjuKTN0,-0.07042253521126751
R_1QGchO6VYtOv93f,0.01562500000000011
R_2whKsZLJze6rsyo,0.019525801952580135
R_2OTQ5bGdXgOeEBk,0.0
R_1lnMJH8sCKrEMyQ,0.0
R_110AKOjI84xnrkQ,0.17303102625298328
R_1NkU9R6VlCULghb,-0.026212319790301475
R_2uweozLUFSzS79v,-0.06353591160220984
R_2TuEONm2abaLyAm,-0.009329940627650801
R_3ErQC5BX3q8tPDQ,-0.13104838709677447
R_vxdpoNdZaJXtmNj,-0.03989813242784357
R_1DGBxG19IrLNHDK,-0.046616541353383445
R_3ktX7XOpV8OD8Ju,-0.06244579358196001
R_2zhJsXKIthQfAoo,-0.0074013157894736725
R_3P25tYkf4z3d7Tr,-0.02978235967926679
R_11aLFiujI3I0oGd,-0.030303030303030276
R_1JEDu5mFkBdKRbm,-0.011494252873563315
R_23TCBdPKtXkH4wj,0.07459867799811137
R_bkptbFkRsjZoVqh,-0.02729044834308003
R_1j8Itci3lzqzcCJ,-0.02941176470588247
R_3nrtcl1Z6ggc9TF,-0.044776119402985204
R_2tsdaBijdfTc0Ia,0.1743589743589743
R_2rVdIFEpk250Y3u,-0.034610630407911014
R_28UnC65PbUbwggz,-0.005917159763313418
R_0OsPhC57tiO8gsp,-0.07594936708860756
R_2bIhkVRmnDUbZEb,-0.015917602996254887
R_2AYmw7Kk5zllfSt,0.22807017543859653
R_3HzZQsVX7mhh9R3,-0.026050420168067356
R_11j4G6A82vjqZMU,-0.044395924308588075
R_2QMbp4kV5nS4DLG,-0.11340206185567037
R_29nQrzpzx3Db3Do,-0.08837772397094423
R_1o5aULEwmxo297d,0.0904716073147257
R_28RKAjh2Z5UFFcS,0.0030333670374117494
R_3j3xyQUf5zVcyyt,0.0037397157816005944
R_1Gy59n13mfunTEp,0.00267141585040076
R_1gFJtHhkZAiPZ7U,-0.0927152317880795
R_3GwFKep8ixxzVS8,-0.01269035532994911
R_czEx5NsBUJ3hzm9,0.0
R_xirYgVe4hr0mlEZ,0.0
R_1NFxsU7RHpXmU71,-0.03744149765990645
R_2U5zJmP6MXBO2Bb,-0.0344827586206895
R_3h0yhNQqbGdjS4e,-0.04302670623145399
R_2WBWCwsKqjFRoKL,-0.038724373576309645
R_2z6Zo37KK0kWIMg,0.09090909090909094
R_1kI8Upuv7EwmXjp,-0.02739726027397249
R_Wkaieu2q0rssuPv,-0.034946236559139754
R_2zdRDDm649MLlOW,-0.04054054054054057
R_1db4FbRj6d2GTRr,-0.012320328542094305
R_3fwSDALMLEqazzp,-0.033094812164579546
R_31BecV3vyQtvKjh,0.0
R_em5F15fOQxDllip,-0.03607770582793712
R_3QFr7vuekjWfELH,0.07552870090634456
R_27CD68tr1hMFRjD,-0.01750547045951878
R_2TubmbVqpe4SaTx,0.11298838437170011
R_3hbvt16QK17tNXf,-0.01635514018691575
R_3G36MQsuPmGwFx6,0.10033076074972447
R_0etnb4hkBrJIOOZ,0.07804878048780495
R_PCG9jgu7YKE6NDH,0.019607843137254943
R_2fx79t60cylNlow,0.007005253940455369
R_3J9PvEp12q3S2m6,0.06330749354005172
R_3fiN0bsii6Ajvoo,0.0641509433962264
R_1IBiaMy17TyKRDz,0.0
R_1NxEKnduYSJpiJR,0.04296875
R_31saXZM7aH12ElY,0.13207547169811318
R_02Kt90m9vxg3qx3,-0.005560704355885182
R_udzzmsufiFdoB3P,0.0050761421319796
